###	N.B.: File summary located at bottom of TSV file.					Suggested command to download: 			cut -f 1 ./metadata_2024-08-23-11h-41m.tsv | tail -n +3 | grep -v ^# | xargs -n 1 curl -O -L --user <access_key_id>:<access_key_secret>
File Download URL	Experiment Set Accession	Experiment Accession	File Accession	Size (MB)	md5sum	File Type	File Format	Bio Rep No	Tech Rep No	Biosource Type	Organism	Related File Relationship	Related File	Paired End	Set Status	File Status	Publication	Experiment Type	Replicate Info	Assay Details	Biosource	Dataset	Condition	In Experiment As	Project	Generating Lab	Experimental Lab	Contributing Lab	Notes	Open Data URL
https://data.4dnucleome.org/files-fastq/4DNFIF837TVZ/@@download/4DNFIF837TVZ.fastq.gz	4DNES1DRWZP5	4DNEXFEAXOQV	4DNFIF837TVZ	1995.65	3076090341083aa82867ba94f9f7fa00	reads	fastq	1	1	immortalized cell line	human	N/A	N/A	N/A	released	released	Kumar P et al. (2023)	TSA-seq	Biorep 1, Techrep 1	NIFK protein	K562 (Tier 2)	TSA-seq MKI67IP in k562 cells	input - condition2 - conditionE -  anti-MKI67IP	raw file	4DN	Andrew Belmont, ILLINOIS	Andrew Belmont, ILLINOIS	N/A	N/A	https://4dn-open-data-public.s3.amazonaws.com/fourfront-webprod/files/febaa371-a158-46f3-8387-87fa57caceca/4DNFIF837TVZ.fastq.gz
https://data.4dnucleome.org/files-processed/4DNFI8MKPRSN/@@download/4DNFI8MKPRSN.bedGraph.gz	4DNES1DRWZP5	4DNEXFEAXOQV	4DNFI8MKPRSN	0.79	353397c1605b2eb811f8e674ec58b19d	normalized counts	bg	1	1	immortalized cell line	human	N/A	N/A	N/A	released	released	Kumar P et al. (2023)	TSA-seq	Biorep 1, Techrep 1	NIFK protein	K562 (Tier 2)	TSA-seq MKI67IP in k562 cells	input - condition2 - conditionE -  anti-MKI67IP	Repli-Seq Pipeline - Preliminary Files	4DN	4DN DCIC, HMS	Andrew Belmont, ILLINOIS	N/A	N/A	https://4dn-open-data-public.s3.amazonaws.com/fourfront-webprod/wfoutput/5f9e0ed7-e2fa-4de3-b8b8-dbe5feb033cc/4DNFI8MKPRSN.bedGraph.gz
https://data.4dnucleome.org/files-processed/4DNFIXEDW94N/@@download/4DNFIXEDW94N.bam	4DNES1DRWZP5	4DNEXFEAXOQV	4DNFIXEDW94N	1792.25	fc0796c71124011945e06da4ac9eb0c6	alignments	bam	1	1	immortalized cell line	human	N/A	N/A	N/A	released	released	Kumar P et al. (2023)	TSA-seq	Biorep 1, Techrep 1	NIFK protein	K562 (Tier 2)	TSA-seq MKI67IP in k562 cells	input - condition2 - conditionE -  anti-MKI67IP	Repli-Seq Pipeline - Preliminary Files	4DN	4DN DCIC, HMS	Andrew Belmont, ILLINOIS	N/A	N/A	https://4dn-open-data-public.s3.amazonaws.com/fourfront-webprod/wfoutput/6cab9678-c344-4e87-bc06-4edb308f689b/4DNFIXEDW94N.bam
https://data.4dnucleome.org/files-fastq/4DNFIMS73KTK/@@download/4DNFIMS73KTK.fastq.gz	4DNES1DRWZP5	4DNEXVODLV8S	4DNFIMS73KTK	2090.24	d53756922f2168cf304e155a0a32b004	reads	fastq	2	1	immortalized cell line	human	N/A	N/A	N/A	released	released	Kumar P et al. (2023)	TSA-seq	Biorep 2, Techrep 1	NIFK protein	K562 (Tier 2)	TSA-seq MKI67IP in k562 cells	input - condition2 - conditionE -  anti-MKI67IP	raw file	4DN	Andrew Belmont, ILLINOIS	Andrew Belmont, ILLINOIS	N/A	N/A	https://4dn-open-data-public.s3.amazonaws.com/fourfront-webprod/files/b4a8011e-e4a0-4039-ace9-17a80b6506fc/4DNFIMS73KTK.fastq.gz
https://data.4dnucleome.org/files-processed/4DNFI8SN7FNT/@@download/4DNFI8SN7FNT.bam	4DNES1DRWZP5	4DNEXVODLV8S	4DNFI8SN7FNT	1955.79	deddde381fe2b352546ea66c8908a2c7	alignments	bam	2	1	immortalized cell line	human	N/A	N/A	N/A	released	released	Kumar P et al. (2023)	TSA-seq	Biorep 2, Techrep 1	NIFK protein	K562 (Tier 2)	TSA-seq MKI67IP in k562 cells	input - condition2 - conditionE -  anti-MKI67IP	Repli-Seq Pipeline - Preliminary Files	4DN	4DN DCIC, HMS	Andrew Belmont, ILLINOIS	N/A	N/A	https://4dn-open-data-public.s3.amazonaws.com/fourfront-webprod/wfoutput/8dfa70b4-dbaa-4cb1-b00e-2b16932ac73f/4DNFI8SN7FNT.bam
https://data.4dnucleome.org/files-processed/4DNFIY39KI23/@@download/4DNFIY39KI23.bedGraph.gz	4DNES1DRWZP5	4DNEXVODLV8S	4DNFIY39KI23	0.80	d2deb3230cbf5592ab85a35e5e26683e	normalized counts	bg	2	1	immortalized cell line	human	N/A	N/A	N/A	released	released	Kumar P et al. (2023)	TSA-seq	Biorep 2, Techrep 1	NIFK protein	K562 (Tier 2)	TSA-seq MKI67IP in k562 cells	input - condition2 - conditionE -  anti-MKI67IP	Repli-Seq Pipeline - Preliminary Files	4DN	4DN DCIC, HMS	Andrew Belmont, ILLINOIS	N/A	N/A	https://4dn-open-data-public.s3.amazonaws.com/fourfront-webprod/wfoutput/744fa7e1-924c-4ca1-b0ec-6d1af1959671/4DNFIY39KI23.bedGraph.gz
https://data.4dnucleome.org/files-fastq/4DNFI4NNMHQS/@@download/4DNFI4NNMHQS.fastq.gz	4DNES2RN8ZJ1	4DNEX6SVEFSH	4DNFI4NNMHQS	1750.95	990bd0eeba53e8154ad2e0126907c2b4	reads	fastq	1	1	immortalized cell line	human	N/A	N/A	N/A	released	released	Correspondence: asbel@illinois.edu	TSA-seq	Biorep 1, Techrep 1	NIFK protein	HFFc6 (Tier 1)	TSA-seq MKI67IP in HFFc6 cells	input - condition2 - conditionE -  anti-MKI67IP	raw file	4DN	Andrew Belmont, ILLINOIS	Andrew Belmont, ILLINOIS	N/A	N/A	https://4dn-open-data-public.s3.amazonaws.com/fourfront-webprod/files/1211a9e5-e35b-4dfc-b79c-81475e826a8e/4DNFI4NNMHQS.fastq.gz
https://data.4dnucleome.org/files-processed/4DNFIEQK8WGI/@@download/4DNFIEQK8WGI.bam	4DNES2RN8ZJ1	4DNEX6SVEFSH	4DNFIEQK8WGI	1624.94	032edd4c99206a86d567eb2c3cec25b7	alignments	bam	1	1	immortalized cell line	human	N/A	N/A	N/A	released	released	Correspondence: asbel@illinois.edu	TSA-seq	Biorep 1, Techrep 1	NIFK protein	HFFc6 (Tier 1)	TSA-seq MKI67IP in HFFc6 cells	input - condition2 - conditionE -  anti-MKI67IP	Repli-Seq Pipeline - Preliminary Files	4DN	4DN DCIC, HMS	Andrew Belmont, ILLINOIS	N/A	N/A	https://4dn-open-data-public.s3.amazonaws.com/fourfront-webprod/wfoutput/a20c9d7b-d46a-47ae-8535-01c223328488/4DNFIEQK8WGI.bam
https://data.4dnucleome.org/files-processed/4DNFIOPG828D/@@download/4DNFIOPG828D.bedGraph.gz	4DNES2RN8ZJ1	4DNEX6SVEFSH	4DNFIOPG828D	0.76	3242a037c70ae51c4965a58b38b493ad	normalized counts	bg	1	1	immortalized cell line	human	N/A	N/A	N/A	released	released	Correspondence: asbel@illinois.edu	TSA-seq	Biorep 1, Techrep 1	NIFK protein	HFFc6 (Tier 1)	TSA-seq MKI67IP in HFFc6 cells	input - condition2 - conditionE -  anti-MKI67IP	Repli-Seq Pipeline - Preliminary Files	4DN	4DN DCIC, HMS	Andrew Belmont, ILLINOIS	N/A	N/A	https://4dn-open-data-public.s3.amazonaws.com/fourfront-webprod/wfoutput/83359962-7e2a-4c7e-bd78-8688b0b9a8f4/4DNFIOPG828D.bedGraph.gz
https://data.4dnucleome.org/files-fastq/4DNFIZI9WM1K/@@download/4DNFIZI9WM1K.fastq.gz	4DNES2RN8ZJ1	4DNEXHV9WRTG	4DNFIZI9WM1K	1511.43	603fecc983e8b6c3ba23882bc6e3baf8	reads	fastq	2	1	immortalized cell line	human	N/A	N/A	N/A	released	released	Correspondence: asbel@illinois.edu	TSA-seq	Biorep 2, Techrep 1	NIFK protein	HFFc6 (Tier 1)	TSA-seq MKI67IP in HFFc6 cells	input - condition2 - conditionE -  anti-MKI67IP	raw file	4DN	Andrew Belmont, ILLINOIS	Andrew Belmont, ILLINOIS	N/A	N/A	https://4dn-open-data-public.s3.amazonaws.com/fourfront-webprod/files/6e822b2b-470b-472e-b346-931c8eda85b5/4DNFIZI9WM1K.fastq.gz
https://data.4dnucleome.org/files-processed/4DNFINU6QBBB/@@download/4DNFINU6QBBB.bam	4DNES2RN8ZJ1	4DNEXHV9WRTG	4DNFINU6QBBB	1441.25	cf180e5d2055230f6a47cd29a2e6f92d	alignments	bam	2	1	immortalized cell line	human	N/A	N/A	N/A	released	released	Correspondence: asbel@illinois.edu	TSA-seq	Biorep 2, Techrep 1	NIFK protein	HFFc6 (Tier 1)	TSA-seq MKI67IP in HFFc6 cells	input - condition2 - conditionE -  anti-MKI67IP	Repli-Seq Pipeline - Preliminary Files	4DN	4DN DCIC, HMS	Andrew Belmont, ILLINOIS	N/A	N/A	https://4dn-open-data-public.s3.amazonaws.com/fourfront-webprod/wfoutput/ce61eefc-7076-4504-9d5a-30836a90bc96/4DNFINU6QBBB.bam
https://data.4dnucleome.org/files-processed/4DNFIZGT5C6D/@@download/4DNFIZGT5C6D.bedGraph.gz	4DNES2RN8ZJ1	4DNEXHV9WRTG	4DNFIZGT5C6D	0.76	c120053e76b9e421ad16fc145b9383a7	normalized counts	bg	2	1	immortalized cell line	human	N/A	N/A	N/A	released	released	Correspondence: asbel@illinois.edu	TSA-seq	Biorep 2, Techrep 1	NIFK protein	HFFc6 (Tier 1)	TSA-seq MKI67IP in HFFc6 cells	input - condition2 - conditionE -  anti-MKI67IP	Repli-Seq Pipeline - Preliminary Files	4DN	4DN DCIC, HMS	Andrew Belmont, ILLINOIS	N/A	N/A	https://4dn-open-data-public.s3.amazonaws.com/fourfront-webprod/wfoutput/c9d5ec93-1993-46c4-9061-c6829e3d0378/4DNFIZGT5C6D.bedGraph.gz
https://data.4dnucleome.org/files-fastq/4DNFIXFY6BT4/@@download/4DNFIXFY6BT4.fastq.gz	4DNES6PANOF4	4DNEXE9ZTHNY	4DNFIXFY6BT4	1951.17	79376027520bc50ae8ab8c4135c98a27	reads	fastq	1	1	stem cell derived cell line	human	N/A	N/A	N/A	released	released	Kumar P et al. (2023)	TSA-seq	Biorep 1, Techrep 1	NIFK protein	H1-hESC (Tier 1)	TSA-seq MKI67IP in H1 cells	input - condition2 - conditionE -  anti-MKI67IP	raw file	4DN	Andrew Belmont, ILLINOIS	Andrew Belmont, ILLINOIS	N/A	N/A	https://4dn-open-data-public.s3.amazonaws.com/fourfront-webprod/files/bb3079ce-1656-4209-a487-8e004ffcf13c/4DNFIXFY6BT4.fastq.gz
https://data.4dnucleome.org/files-processed/4DNFISY5VAKX/@@download/4DNFISY5VAKX.bedGraph.gz	4DNES6PANOF4	4DNEXE9ZTHNY	4DNFISY5VAKX	0.78	531766ea38af9f814c4e118eb36dfaf9	normalized counts	bg	1	1	stem cell derived cell line	human	N/A	N/A	N/A	released	released	Kumar P et al. (2023)	TSA-seq	Biorep 1, Techrep 1	NIFK protein	H1-hESC (Tier 1)	TSA-seq MKI67IP in H1 cells	input - condition2 - conditionE -  anti-MKI67IP	Repli-Seq Pipeline - Preliminary Files	4DN	4DN DCIC, HMS	Andrew Belmont, ILLINOIS	N/A	N/A	https://4dn-open-data-public.s3.amazonaws.com/fourfront-webprod/wfoutput/ae589233-5f0e-476b-978c-1f2e0fb33f76/4DNFISY5VAKX.bedGraph.gz
https://data.4dnucleome.org/files-processed/4DNFIU12QAB2/@@download/4DNFIU12QAB2.bam	4DNES6PANOF4	4DNEXE9ZTHNY	4DNFIU12QAB2	1772.27	ca85a2513af196e8f5b845622d214c2d	alignments	bam	1	1	stem cell derived cell line	human	N/A	N/A	N/A	released	released	Kumar P et al. (2023)	TSA-seq	Biorep 1, Techrep 1	NIFK protein	H1-hESC (Tier 1)	TSA-seq MKI67IP in H1 cells	input - condition2 - conditionE -  anti-MKI67IP	Repli-Seq Pipeline - Preliminary Files	4DN	4DN DCIC, HMS	Andrew Belmont, ILLINOIS	N/A	N/A	https://4dn-open-data-public.s3.amazonaws.com/fourfront-webprod/wfoutput/a0fabfdc-b72c-4bd7-b5aa-7b63c284539a/4DNFIU12QAB2.bam
https://data.4dnucleome.org/files-fastq/4DNFIZSS3RUJ/@@download/4DNFIZSS3RUJ.fastq.gz	4DNES6PANOF4	4DNEX6EC9R9V	4DNFIZSS3RUJ	1799.68	d18056bead68c748331355c51e6ea380	reads	fastq	2	1	stem cell derived cell line	human	N/A	N/A	N/A	released	released	Kumar P et al. (2023)	TSA-seq	Biorep 2, Techrep 1	NIFK protein	H1-hESC (Tier 1)	TSA-seq MKI67IP in H1 cells	input - condition2 - conditionE -  anti-MKI67IP	raw file	4DN	Andrew Belmont, ILLINOIS	Andrew Belmont, ILLINOIS	N/A	N/A	https://4dn-open-data-public.s3.amazonaws.com/fourfront-webprod/files/5cc8101c-8dad-4bf9-a479-9aee26f595d1/4DNFIZSS3RUJ.fastq.gz
https://data.4dnucleome.org/files-processed/4DNFI7PG8YL3/@@download/4DNFI7PG8YL3.bedGraph.gz	4DNES6PANOF4	4DNEX6EC9R9V	4DNFI7PG8YL3	0.78	2ce2dc23cda3a66cab91d232beebba4b	normalized counts	bg	2	1	stem cell derived cell line	human	N/A	N/A	N/A	released	released	Kumar P et al. (2023)	TSA-seq	Biorep 2, Techrep 1	NIFK protein	H1-hESC (Tier 1)	TSA-seq MKI67IP in H1 cells	input - condition2 - conditionE -  anti-MKI67IP	Repli-Seq Pipeline - Preliminary Files	4DN	4DN DCIC, HMS	Andrew Belmont, ILLINOIS	N/A	N/A	https://4dn-open-data-public.s3.amazonaws.com/fourfront-webprod/wfoutput/b82b5248-13c2-472b-af87-db1b703318d4/4DNFI7PG8YL3.bedGraph.gz
https://data.4dnucleome.org/files-processed/4DNFIO17NNK8/@@download/4DNFIO17NNK8.bam	4DNES6PANOF4	4DNEX6EC9R9V	4DNFIO17NNK8	1662.92	36611a8b44f375f33bf6b74e28942e5f	alignments	bam	2	1	stem cell derived cell line	human	N/A	N/A	N/A	released	released	Kumar P et al. (2023)	TSA-seq	Biorep 2, Techrep 1	NIFK protein	H1-hESC (Tier 1)	TSA-seq MKI67IP in H1 cells	input - condition2 - conditionE -  anti-MKI67IP	Repli-Seq Pipeline - Preliminary Files	4DN	4DN DCIC, HMS	Andrew Belmont, ILLINOIS	N/A	N/A	https://4dn-open-data-public.s3.amazonaws.com/fourfront-webprod/wfoutput/8f9a92bc-c356-4bda-b149-fbb0ae4873ce/4DNFIO17NNK8.bam
https://data.4dnucleome.org/files-fastq/4DNFIGUOEP1V/@@download/4DNFIGUOEP1V.fastq.gz	4DNESAHA7E69	4DNEXP11Z5NC	4DNFIGUOEP1V	2238.99	eaac08c5dc0d41f73a6d5d08fed2f5a2	reads	fastq	1	1	immortalized cell line	human	N/A	N/A	N/A	released	released	Gholamalamdari O et al. (2024)	TSA-seq	Biorep 1, Techrep 1	NIFK protein	HCT116 (Tier 2)	TSA-seq MKI67IP in  HCT116 cells	condition2 - conditionC or conditionE - anti-MKI67IP	raw file	4DN	Andrew Belmont, ILLINOIS	Andrew Belmont, ILLINOIS	N/A	N/A	https://4dn-open-data-public.s3.amazonaws.com/fourfront-webprod/files/964392b0-7d78-4120-bf17-4807f6fae881/4DNFIGUOEP1V.fastq.gz
https://data.4dnucleome.org/files-processed/4DNFI9ANY656/@@download/4DNFI9ANY656.bw	4DNESAHA7E69	4DNEXP11Z5NC	4DNFI9ANY656	1.07	e0dfebcb61939e01e4b8ab60f9de892d	normalized counts	bw	1	1	immortalized cell line	human	N/A	N/A	N/A	released	released	Gholamalamdari O et al. (2024)	TSA-seq	Biorep 1, Techrep 1	NIFK protein	HCT116 (Tier 2)	TSA-seq MKI67IP in  HCT116 cells	condition2 - conditionC or conditionE - anti-MKI67IP	processed file	4DN	Andrew Belmont, ILLINOIS	Andrew Belmont, ILLINOIS	N/A	This file contains processed results performed outside of the 4DN-DCIC standardized pipelines. The file and the information about its provenance, i.e. which files were used as input to generate this output was provided by or done in collaboration with the lab that did the experiments to generate the raw data. For more information about the specific analysis performed, please contact the submitting lab or refer to the relevant publication if available.	https://4dn-open-data-public.s3.amazonaws.com/fourfront-webprod/wfoutput/4e653232-be8f-424b-aec7-eb79d6b32c5b/4DNFI9ANY656.bw
https://data.4dnucleome.org/files-processed/4DNFI764TAQV/@@download/4DNFI764TAQV.bam	4DNESAHA7E69	4DNEXP11Z5NC	4DNFI764TAQV	1813.56	992bcbc7010cac2d16febe2d6acda4c4	alignments	bam	1	1	immortalized cell line	human	N/A	N/A	N/A	released	released	Gholamalamdari O et al. (2024)	TSA-seq	Biorep 1, Techrep 1	NIFK protein	HCT116 (Tier 2)	TSA-seq MKI67IP in  HCT116 cells	condition2 - conditionC or conditionE - anti-MKI67IP	Repli-Seq Pipeline - Preliminary Files	4DN	4DN DCIC, HMS	Andrew Belmont, ILLINOIS	N/A	N/A	https://4dn-open-data-public.s3.amazonaws.com/fourfront-webprod/wfoutput/e098823d-9dcc-4531-aa5f-4edb4991f42e/4DNFI764TAQV.bam
https://data.4dnucleome.org/files-processed/4DNFIA2MJRI8/@@download/4DNFIA2MJRI8.bedGraph.gz	4DNESAHA7E69	4DNEXP11Z5NC	4DNFIA2MJRI8	0.82	1cdcd70676224ae7f459b76cede1d132	normalized counts	bg	1	1	immortalized cell line	human	N/A	N/A	N/A	released	released	Gholamalamdari O et al. (2024)	TSA-seq	Biorep 1, Techrep 1	NIFK protein	HCT116 (Tier 2)	TSA-seq MKI67IP in  HCT116 cells	condition2 - conditionC or conditionE - anti-MKI67IP	Repli-Seq Pipeline - Preliminary Files	4DN	4DN DCIC, HMS	Andrew Belmont, ILLINOIS	N/A	N/A	https://4dn-open-data-public.s3.amazonaws.com/fourfront-webprod/wfoutput/85286fec-902b-4033-989c-eeddc3a76879/4DNFIA2MJRI8.bedGraph.gz
https://data.4dnucleome.org/files-fastq/4DNFI3ALJVW6/@@download/4DNFI3ALJVW6.fastq.gz	4DNESAHA7E69	4DNEXBVGGR8W	4DNFI3ALJVW6	2346.92	0ce21436b965ae5f21d3757bb471faaa	reads	fastq	2	1	immortalized cell line	human	N/A	N/A	N/A	released	released	Gholamalamdari O et al. (2024)	TSA-seq	Biorep 2, Techrep 1	NIFK protein	HCT116 (Tier 2)	TSA-seq MKI67IP in  HCT116 cells	condition2 - conditionC or conditionE - anti-MKI67IP	raw file	4DN	Andrew Belmont, ILLINOIS	Andrew Belmont, ILLINOIS	N/A	N/A	https://4dn-open-data-public.s3.amazonaws.com/fourfront-webprod/files/61b7260c-2802-4352-a66d-62f2e1a6cb73/4DNFI3ALJVW6.fastq.gz
https://data.4dnucleome.org/files-processed/4DNFICGKJ1NW/@@download/4DNFICGKJ1NW.bw	4DNESAHA7E69	4DNEXBVGGR8W	4DNFICGKJ1NW	1.07	2dc6da7df2a49e2e333232eb22d8ce2f	normalized counts	bw	2	1	immortalized cell line	human	N/A	N/A	N/A	released	released	Gholamalamdari O et al. (2024)	TSA-seq	Biorep 2, Techrep 1	NIFK protein	HCT116 (Tier 2)	TSA-seq MKI67IP in  HCT116 cells	condition2 - conditionC or conditionE - anti-MKI67IP	processed file	4DN	Andrew Belmont, ILLINOIS	Andrew Belmont, ILLINOIS	N/A	This file contains processed results performed outside of the 4DN-DCIC standardized pipelines. The file and the information about its provenance, i.e. which files were used as input to generate this output was provided by or done in collaboration with the lab that did the experiments to generate the raw data. For more information about the specific analysis performed, please contact the submitting lab or refer to the relevant publication if available.	https://4dn-open-data-public.s3.amazonaws.com/fourfront-webprod/wfoutput/2f1f11c1-6d87-4b14-98f5-05dd339c47fe/4DNFICGKJ1NW.bw
https://data.4dnucleome.org/files-processed/4DNFIIBO2AAB/@@download/4DNFIIBO2AAB.bedGraph.gz	4DNESAHA7E69	4DNEXBVGGR8W	4DNFIIBO2AAB	0.81	6350e703109ff43ab125fd39ffdf384c	normalized counts	bg	2	1	immortalized cell line	human	N/A	N/A	N/A	released	released	Gholamalamdari O et al. (2024)	TSA-seq	Biorep 2, Techrep 1	NIFK protein	HCT116 (Tier 2)	TSA-seq MKI67IP in  HCT116 cells	condition2 - conditionC or conditionE - anti-MKI67IP	Repli-Seq Pipeline - Preliminary Files	4DN	4DN DCIC, HMS	Andrew Belmont, ILLINOIS	N/A	N/A	https://4dn-open-data-public.s3.amazonaws.com/fourfront-webprod/wfoutput/393a5534-a99d-4ded-b863-b34d9dbcad13/4DNFIIBO2AAB.bedGraph.gz
https://data.4dnucleome.org/files-processed/4DNFIWYQ7AMA/@@download/4DNFIWYQ7AMA.bam	4DNESAHA7E69	4DNEXBVGGR8W	4DNFIWYQ7AMA	1872.96	e002644fa10476bed12144fc47fb662b	alignments	bam	2	1	immortalized cell line	human	N/A	N/A	N/A	released	released	Gholamalamdari O et al. (2024)	TSA-seq	Biorep 2, Techrep 1	NIFK protein	HCT116 (Tier 2)	TSA-seq MKI67IP in  HCT116 cells	condition2 - conditionC or conditionE - anti-MKI67IP	Repli-Seq Pipeline - Preliminary Files	4DN	4DN DCIC, HMS	Andrew Belmont, ILLINOIS	N/A	N/A	https://4dn-open-data-public.s3.amazonaws.com/fourfront-webprod/wfoutput/b13db4e5-48d3-4b15-bde9-a2563ec3cd8f/4DNFIWYQ7AMA.bam
https://data.4dnucleome.org/files-fastq/4DNFI4JQFVJO/@@download/4DNFI4JQFVJO.fastq.gz	4DNESGAR9ZBW	4DNEX9KJSTC2	4DNFI4JQFVJO	1682.55	3f17684657fda7d0a948d5950a2edd5a	reads	fastq	1	1	immortalized cell line	human	N/A	N/A	N/A	released	released	Gholamalamdari O et al. (2024)	TSA-seq	Biorep 1, Techrep 1	NIFK protein	HFFc6 (Tier 1)	TSA-seq MKI67IP in HFFc6 cells	condition2 - conditionE - anti-MKI67IP	raw file	4DN	Andrew Belmont, ILLINOIS	Andrew Belmont, ILLINOIS	N/A	N/A	https://4dn-open-data-public.s3.amazonaws.com/fourfront-webprod/files/1bd6c126-5675-4df7-8358-393cfdf9acfe/4DNFI4JQFVJO.fastq.gz
https://data.4dnucleome.org/files-processed/4DNFINZYRIU6/@@download/4DNFINZYRIU6.bw	4DNESGAR9ZBW	4DNEX9KJSTC2	4DNFINZYRIU6	1.07	42b6fd8270fb1ba8e1d627d38c4663d4	normalized counts	bw	1	1	immortalized cell line	human	N/A	N/A	N/A	released	released	Gholamalamdari O et al. (2024)	TSA-seq	Biorep 1, Techrep 1	NIFK protein	HFFc6 (Tier 1)	TSA-seq MKI67IP in HFFc6 cells	condition2 - conditionE - anti-MKI67IP	processed file	4DN	Andrew Belmont, ILLINOIS	Andrew Belmont, ILLINOIS	N/A	This file contains processed results performed outside of the 4DN-DCIC standardized pipelines. The file and the information about its provenance, i.e. which files were used as input to generate this output was provided by or done in collaboration with the lab that did the experiments to generate the raw data. For more information about the specific analysis performed, please contact the submitting lab or refer to the relevant publication if available.	https://4dn-open-data-public.s3.amazonaws.com/fourfront-webprod/wfoutput/c8611688-6427-4cc8-bcb3-283eed73bb2b/4DNFINZYRIU6.bw
https://data.4dnucleome.org/files-processed/4DNFIJGQHHTM/@@download/4DNFIJGQHHTM.bam	4DNESGAR9ZBW	4DNEX9KJSTC2	4DNFIJGQHHTM	1453.20	610e5082919d0d03e8e13456c8efc47b	alignments	bam	1	1	immortalized cell line	human	N/A	N/A	N/A	released	released	Gholamalamdari O et al. (2024)	TSA-seq	Biorep 1, Techrep 1	NIFK protein	HFFc6 (Tier 1)	TSA-seq MKI67IP in HFFc6 cells	condition2 - conditionE - anti-MKI67IP	Repli-Seq Pipeline - Preliminary Files	4DN	4DN DCIC, HMS	Andrew Belmont, ILLINOIS	N/A	N/A	https://4dn-open-data-public.s3.amazonaws.com/fourfront-webprod/wfoutput/571760c1-9413-4c1b-bf8e-03006719b8c1/4DNFIJGQHHTM.bam
https://data.4dnucleome.org/files-processed/4DNFIPO97WRL/@@download/4DNFIPO97WRL.bedGraph.gz	4DNESGAR9ZBW	4DNEX9KJSTC2	4DNFIPO97WRL	0.79	2c67d729749efdc60b73d504ea9077d3	normalized counts	bg	1	1	immortalized cell line	human	N/A	N/A	N/A	released	released	Gholamalamdari O et al. (2024)	TSA-seq	Biorep 1, Techrep 1	NIFK protein	HFFc6 (Tier 1)	TSA-seq MKI67IP in HFFc6 cells	condition2 - conditionE - anti-MKI67IP	Repli-Seq Pipeline - Preliminary Files	4DN	4DN DCIC, HMS	Andrew Belmont, ILLINOIS	N/A	N/A	https://4dn-open-data-public.s3.amazonaws.com/fourfront-webprod/wfoutput/ba59076d-ea1a-48e3-8a31-7d250b38922b/4DNFIPO97WRL.bedGraph.gz
https://data.4dnucleome.org/files-fastq/4DNFI8VWF3R8/@@download/4DNFI8VWF3R8.fastq.gz	4DNESGAR9ZBW	4DNEXBS7EC7G	4DNFI8VWF3R8	2010.89	c6ae8c53ff7fdba4ff487019a9da7117	reads	fastq	2	1	immortalized cell line	human	N/A	N/A	N/A	released	released	Gholamalamdari O et al. (2024)	TSA-seq	Biorep 2, Techrep 1	NIFK protein	HFFc6 (Tier 1)	TSA-seq MKI67IP in HFFc6 cells	condition2 - conditionE - anti-MKI67IP	raw file	4DN	Andrew Belmont, ILLINOIS	Andrew Belmont, ILLINOIS	N/A	N/A	https://4dn-open-data-public.s3.amazonaws.com/fourfront-webprod/files/2dff48ba-c2d8-4dde-8aa8-d711d9c32e6c/4DNFI8VWF3R8.fastq.gz
https://data.4dnucleome.org/files-processed/4DNFIMTKDNJW/@@download/4DNFIMTKDNJW.bw	4DNESGAR9ZBW	4DNEXBS7EC7G	4DNFIMTKDNJW	1.06	846ce49eee36ce4de528f4e8fa0f37a1	normalized counts	bw	2	1	immortalized cell line	human	N/A	N/A	N/A	released	released	Gholamalamdari O et al. (2024)	TSA-seq	Biorep 2, Techrep 1	NIFK protein	HFFc6 (Tier 1)	TSA-seq MKI67IP in HFFc6 cells	condition2 - conditionE - anti-MKI67IP	processed file	4DN	Andrew Belmont, ILLINOIS	Andrew Belmont, ILLINOIS	N/A	This file contains processed results performed outside of the 4DN-DCIC standardized pipelines. The file and the information about its provenance, i.e. which files were used as input to generate this output was provided by or done in collaboration with the lab that did the experiments to generate the raw data. For more information about the specific analysis performed, please contact the submitting lab or refer to the relevant publication if available.	https://4dn-open-data-public.s3.amazonaws.com/fourfront-webprod/wfoutput/09dde364-ddf2-48f5-bf39-13f9da94bd1a/4DNFIMTKDNJW.bw
https://data.4dnucleome.org/files-processed/4DNFITLDJZAX/@@download/4DNFITLDJZAX.bam	4DNESGAR9ZBW	4DNEXBS7EC7G	4DNFITLDJZAX	1675.84	5bcd3425154164d78dbd37945b76eee8	alignments	bam	2	1	immortalized cell line	human	N/A	N/A	N/A	released	released	Gholamalamdari O et al. (2024)	TSA-seq	Biorep 2, Techrep 1	NIFK protein	HFFc6 (Tier 1)	TSA-seq MKI67IP in HFFc6 cells	condition2 - conditionE - anti-MKI67IP	Repli-Seq Pipeline - Preliminary Files	4DN	4DN DCIC, HMS	Andrew Belmont, ILLINOIS	N/A	N/A	https://4dn-open-data-public.s3.amazonaws.com/fourfront-webprod/wfoutput/7823e01e-0700-44cf-a817-6738679b0ee4/4DNFITLDJZAX.bam
https://data.4dnucleome.org/files-processed/4DNFIYAYGD5P/@@download/4DNFIYAYGD5P.bedGraph.gz	4DNESGAR9ZBW	4DNEXBS7EC7G	4DNFIYAYGD5P	0.80	b3f15652971c1d7a170f598ee9e00cd0	normalized counts	bg	2	1	immortalized cell line	human	N/A	N/A	N/A	released	released	Gholamalamdari O et al. (2024)	TSA-seq	Biorep 2, Techrep 1	NIFK protein	HFFc6 (Tier 1)	TSA-seq MKI67IP in HFFc6 cells	condition2 - conditionE - anti-MKI67IP	Repli-Seq Pipeline - Preliminary Files	4DN	4DN DCIC, HMS	Andrew Belmont, ILLINOIS	N/A	N/A	https://4dn-open-data-public.s3.amazonaws.com/fourfront-webprod/wfoutput/1d3f320b-88fc-4566-ac71-5707f9ca0688/4DNFIYAYGD5P.bedGraph.gz
https://data.4dnucleome.org/files-fastq/4DNFIRBXB6FR/@@download/4DNFIRBXB6FR.fastq.gz	4DNESI714SZN	4DNEX6AWXBDE	4DNFIRBXB6FR	2360.87	10146058bb3be142fff6c973eb2b5b37	reads	fastq	1	1	immortalized cell line	human	N/A	N/A	N/A	released	released	Gholamalamdari O et al. (2024)	TSA-seq	Biorep 1, Techrep 1	NIFK protein	K562 (Tier 2)	TSA-seq MKI67IP in k562 cells	condition2 - conditionE - anti-MKI67IP	raw file	4DN	Andrew Belmont, ILLINOIS	Andrew Belmont, ILLINOIS	N/A	N/A	https://4dn-open-data-public.s3.amazonaws.com/fourfront-webprod/files/fee3ab5d-bb7e-47ac-aa88-e9e2c67444a6/4DNFIRBXB6FR.fastq.gz
https://data.4dnucleome.org/files-processed/4DNFIJ1H59HJ/@@download/4DNFIJ1H59HJ.bw	4DNESI714SZN	4DNEX6AWXBDE	4DNFIJ1H59HJ	1.06	a6f415f20ae184b24a2941acc148e226	normalized counts	bw	1	1	immortalized cell line	human	N/A	N/A	N/A	released	released	Gholamalamdari O et al. (2024)	TSA-seq	Biorep 1, Techrep 1	NIFK protein	K562 (Tier 2)	TSA-seq MKI67IP in k562 cells	condition2 - conditionE - anti-MKI67IP	processed file	4DN	Andrew Belmont, ILLINOIS	Andrew Belmont, ILLINOIS	N/A	This file contains processed results performed outside of the 4DN-DCIC standardized pipelines. The file and the information about its provenance, i.e. which files were used as input to generate this output was provided by or done in collaboration with the lab that did the experiments to generate the raw data. For more information about the specific analysis performed, please contact the submitting lab or refer to the relevant publication if available.	https://4dn-open-data-public.s3.amazonaws.com/fourfront-webprod/wfoutput/455f84b5-bc9e-451c-a3e7-3b4e6dee4f15/4DNFIJ1H59HJ.bw
https://data.4dnucleome.org/files-processed/4DNFI1VJE1I8/@@download/4DNFI1VJE1I8.bam	4DNESI714SZN	4DNEX6AWXBDE	4DNFI1VJE1I8	1719.40	a9789d9b84979947ad31fb9514e739d5	alignments	bam	1	1	immortalized cell line	human	N/A	N/A	N/A	released	released	Gholamalamdari O et al. (2024)	TSA-seq	Biorep 1, Techrep 1	NIFK protein	K562 (Tier 2)	TSA-seq MKI67IP in k562 cells	condition2 - conditionE - anti-MKI67IP	Repli-Seq Pipeline - Preliminary Files	4DN	4DN DCIC, HMS	Andrew Belmont, ILLINOIS	N/A	N/A	https://4dn-open-data-public.s3.amazonaws.com/fourfront-webprod/wfoutput/9f18d709-e493-43b4-8a3b-5173e5eb1f08/4DNFI1VJE1I8.bam
https://data.4dnucleome.org/files-processed/4DNFIIFXFUH4/@@download/4DNFIIFXFUH4.bedGraph.gz	4DNESI714SZN	4DNEX6AWXBDE	4DNFIIFXFUH4	0.81	c5d553eabd91195fe6bb1e8b1d94f8d7	normalized counts	bg	1	1	immortalized cell line	human	N/A	N/A	N/A	released	released	Gholamalamdari O et al. (2024)	TSA-seq	Biorep 1, Techrep 1	NIFK protein	K562 (Tier 2)	TSA-seq MKI67IP in k562 cells	condition2 - conditionE - anti-MKI67IP	Repli-Seq Pipeline - Preliminary Files	4DN	4DN DCIC, HMS	Andrew Belmont, ILLINOIS	N/A	N/A	https://4dn-open-data-public.s3.amazonaws.com/fourfront-webprod/wfoutput/474e22bb-55dc-4631-ac38-13d99648aeec/4DNFIIFXFUH4.bedGraph.gz
https://data.4dnucleome.org/files-fastq/4DNFIJP31IM2/@@download/4DNFIJP31IM2.fastq.gz	4DNESI714SZN	4DNEXBWYOX21	4DNFIJP31IM2	2163.00	37fdc47211b2ed10ffd084206c4059ab	reads	fastq	2	1	immortalized cell line	human	N/A	N/A	N/A	released	released	Gholamalamdari O et al. (2024)	TSA-seq	Biorep 2, Techrep 1	NIFK protein	K562 (Tier 2)	TSA-seq MKI67IP in k562 cells	condition2 - conditionE - anti-MKI67IP	raw file	4DN	Andrew Belmont, ILLINOIS	Andrew Belmont, ILLINOIS	N/A	N/A	https://4dn-open-data-public.s3.amazonaws.com/fourfront-webprod/files/758f9d7f-ad6b-48af-aa8b-2d7381406e80/4DNFIJP31IM2.fastq.gz
https://data.4dnucleome.org/files-processed/4DNFI7FRDW2J/@@download/4DNFI7FRDW2J.bw	4DNESI714SZN	4DNEXBWYOX21	4DNFI7FRDW2J	1.06	20f3c52c89a0526070be698472dea59d	normalized counts	bw	2	1	immortalized cell line	human	N/A	N/A	N/A	released	released	Gholamalamdari O et al. (2024)	TSA-seq	Biorep 2, Techrep 1	NIFK protein	K562 (Tier 2)	TSA-seq MKI67IP in k562 cells	condition2 - conditionE - anti-MKI67IP	processed file	4DN	Andrew Belmont, ILLINOIS	Andrew Belmont, ILLINOIS	N/A	This file contains processed results performed outside of the 4DN-DCIC standardized pipelines. The file and the information about its provenance, i.e. which files were used as input to generate this output was provided by or done in collaboration with the lab that did the experiments to generate the raw data. For more information about the specific analysis performed, please contact the submitting lab or refer to the relevant publication if available.	https://4dn-open-data-public.s3.amazonaws.com/fourfront-webprod/wfoutput/8b0f3101-737a-4abb-a2da-dd8a63b497c9/4DNFI7FRDW2J.bw
https://data.4dnucleome.org/files-processed/4DNFI7GUH4IL/@@download/4DNFI7GUH4IL.bedGraph.gz	4DNESI714SZN	4DNEXBWYOX21	4DNFI7GUH4IL	0.81	5865b57cb73f38c91585064f070b2996	normalized counts	bg	2	1	immortalized cell line	human	N/A	N/A	N/A	released	released	Gholamalamdari O et al. (2024)	TSA-seq	Biorep 2, Techrep 1	NIFK protein	K562 (Tier 2)	TSA-seq MKI67IP in k562 cells	condition2 - conditionE - anti-MKI67IP	Repli-Seq Pipeline - Preliminary Files	4DN	4DN DCIC, HMS	Andrew Belmont, ILLINOIS	N/A	N/A	https://4dn-open-data-public.s3.amazonaws.com/fourfront-webprod/wfoutput/2b14b308-8489-4fba-9bad-d76eefb02488/4DNFI7GUH4IL.bedGraph.gz
https://data.4dnucleome.org/files-processed/4DNFI85LQQRB/@@download/4DNFI85LQQRB.bam	4DNESI714SZN	4DNEXBWYOX21	4DNFI85LQQRB	1915.76	3ad8fc35532ec3e9d32a0bf720f88dc3	alignments	bam	2	1	immortalized cell line	human	N/A	N/A	N/A	released	released	Gholamalamdari O et al. (2024)	TSA-seq	Biorep 2, Techrep 1	NIFK protein	K562 (Tier 2)	TSA-seq MKI67IP in k562 cells	condition2 - conditionE - anti-MKI67IP	Repli-Seq Pipeline - Preliminary Files	4DN	4DN DCIC, HMS	Andrew Belmont, ILLINOIS	N/A	N/A	https://4dn-open-data-public.s3.amazonaws.com/fourfront-webprod/wfoutput/733ce711-c23f-48f4-9c70-caeed6ace81b/4DNFI85LQQRB.bam
https://data.4dnucleome.org/files-fastq/4DNFIQ846Y34/@@download/4DNFIQ846Y34.fastq.gz	4DNESO6HFSAD	4DNEXYDC7KNU	4DNFIQ846Y34	1725.57	f12f4994dc84d403510e201d494112b9	reads	fastq	1	1	stem cell derived cell line	human	N/A	N/A	N/A	released	released	Gholamalamdari O et al. (2024)	TSA-seq	Biorep 1, Techrep 1	NIFK protein	H1-hESC (Tier 1)	TSA-seq MKI67IP in H1 cells	condition2 - conditionE - anti-MKI67IP	raw file	4DN	Andrew Belmont, ILLINOIS	Andrew Belmont, ILLINOIS	N/A	N/A	https://4dn-open-data-public.s3.amazonaws.com/fourfront-webprod/files/c7ec8ac5-c0d3-4ec4-bebb-1bbd8167fbe1/4DNFIQ846Y34.fastq.gz
https://data.4dnucleome.org/files-processed/4DNFIFNIK4HD/@@download/4DNFIFNIK4HD.bw	4DNESO6HFSAD	4DNEXYDC7KNU	4DNFIFNIK4HD	1.06	1dcde4e9b25befe61661f2a480844a0e	normalized counts	bw	1	1	stem cell derived cell line	human	N/A	N/A	N/A	released	released	Gholamalamdari O et al. (2024)	TSA-seq	Biorep 1, Techrep 1	NIFK protein	H1-hESC (Tier 1)	TSA-seq MKI67IP in H1 cells	condition2 - conditionE - anti-MKI67IP	processed file	4DN	Andrew Belmont, ILLINOIS	Andrew Belmont, ILLINOIS	N/A	This file contains processed results performed outside of the 4DN-DCIC standardized pipelines. The file and the information about its provenance, i.e. which files were used as input to generate this output was provided by or done in collaboration with the lab that did the experiments to generate the raw data. For more information about the specific analysis performed, please contact the submitting lab or refer to the relevant publication if available.	https://4dn-open-data-public.s3.amazonaws.com/fourfront-webprod/wfoutput/c08e6833-6eb0-4b1d-87a7-acd9f11e73c2/4DNFIFNIK4HD.bw
https://data.4dnucleome.org/files-processed/4DNFIDIP88ZP/@@download/4DNFIDIP88ZP.bam	4DNESO6HFSAD	4DNEXYDC7KNU	4DNFIDIP88ZP	1313.40	2842170a403f30a3c271d064986b1ee3	alignments	bam	1	1	stem cell derived cell line	human	N/A	N/A	N/A	released	released	Gholamalamdari O et al. (2024)	TSA-seq	Biorep 1, Techrep 1	NIFK protein	H1-hESC (Tier 1)	TSA-seq MKI67IP in H1 cells	condition2 - conditionE - anti-MKI67IP	Repli-Seq Pipeline - Preliminary Files	4DN	4DN DCIC, HMS	Andrew Belmont, ILLINOIS	N/A	N/A	https://4dn-open-data-public.s3.amazonaws.com/fourfront-webprod/wfoutput/fe95c745-a25e-4efc-9825-13aafea25187/4DNFIDIP88ZP.bam
https://data.4dnucleome.org/files-processed/4DNFIGONZBPZ/@@download/4DNFIGONZBPZ.bedGraph.gz	4DNESO6HFSAD	4DNEXYDC7KNU	4DNFIGONZBPZ	0.80	1b83140d6dce8cc361b18b9493d5e65a	normalized counts	bg	1	1	stem cell derived cell line	human	N/A	N/A	N/A	released	released	Gholamalamdari O et al. (2024)	TSA-seq	Biorep 1, Techrep 1	NIFK protein	H1-hESC (Tier 1)	TSA-seq MKI67IP in H1 cells	condition2 - conditionE - anti-MKI67IP	Repli-Seq Pipeline - Preliminary Files	4DN	4DN DCIC, HMS	Andrew Belmont, ILLINOIS	N/A	N/A	https://4dn-open-data-public.s3.amazonaws.com/fourfront-webprod/wfoutput/29a3fcd9-b5c3-493d-bb07-65bc5c475dc2/4DNFIGONZBPZ.bedGraph.gz
https://data.4dnucleome.org/files-fastq/4DNFIGR5IVSL/@@download/4DNFIGR5IVSL.fastq.gz	4DNESO6HFSAD	4DNEXS7R6PPF	4DNFIGR5IVSL	2045.81	fb9a146dc0545e7cb3863a15ceb19144	reads	fastq	2	1	stem cell derived cell line	human	N/A	N/A	N/A	released	released	Gholamalamdari O et al. (2024)	TSA-seq	Biorep 2, Techrep 1	NIFK protein	H1-hESC (Tier 1)	TSA-seq MKI67IP in H1 cells	condition2 - conditionE - anti-MKI67IP	raw file	4DN	Andrew Belmont, ILLINOIS	Andrew Belmont, ILLINOIS	N/A	N/A	https://4dn-open-data-public.s3.amazonaws.com/fourfront-webprod/files/0b99a9d1-5e50-43b2-a439-84e2ead910ea/4DNFIGR5IVSL.fastq.gz
https://data.4dnucleome.org/files-processed/4DNFIGU18ZPJ/@@download/4DNFIGU18ZPJ.bw	4DNESO6HFSAD	4DNEXS7R6PPF	4DNFIGU18ZPJ	1.07	540d8f7842dbe34535aea2d3e498b106	normalized counts	bw	2	1	stem cell derived cell line	human	N/A	N/A	N/A	released	released	Gholamalamdari O et al. (2024)	TSA-seq	Biorep 2, Techrep 1	NIFK protein	H1-hESC (Tier 1)	TSA-seq MKI67IP in H1 cells	condition2 - conditionE - anti-MKI67IP	processed file	4DN	Andrew Belmont, ILLINOIS	Andrew Belmont, ILLINOIS	N/A	This file contains processed results performed outside of the 4DN-DCIC standardized pipelines. The file and the information about its provenance, i.e. which files were used as input to generate this output was provided by or done in collaboration with the lab that did the experiments to generate the raw data. For more information about the specific analysis performed, please contact the submitting lab or refer to the relevant publication if available.	https://4dn-open-data-public.s3.amazonaws.com/fourfront-webprod/wfoutput/e7619517-6bcc-4bb8-8429-6c8ee3c888bd/4DNFIGU18ZPJ.bw
https://data.4dnucleome.org/files-processed/4DNFI51XNMX9/@@download/4DNFI51XNMX9.bedGraph.gz	4DNESO6HFSAD	4DNEXS7R6PPF	4DNFI51XNMX9	0.81	55b2d6d930ff5b607d1e3f9e6aacd01d	normalized counts	bg	2	1	stem cell derived cell line	human	N/A	N/A	N/A	released	released	Gholamalamdari O et al. (2024)	TSA-seq	Biorep 2, Techrep 1	NIFK protein	H1-hESC (Tier 1)	TSA-seq MKI67IP in H1 cells	condition2 - conditionE - anti-MKI67IP	Repli-Seq Pipeline - Preliminary Files	4DN	4DN DCIC, HMS	Andrew Belmont, ILLINOIS	N/A	N/A	https://4dn-open-data-public.s3.amazonaws.com/fourfront-webprod/wfoutput/8046b8f0-1341-468c-a2e1-0b9b39e269ef/4DNFI51XNMX9.bedGraph.gz
https://data.4dnucleome.org/files-processed/4DNFI7FLUAN3/@@download/4DNFI7FLUAN3.bam	4DNESO6HFSAD	4DNEXS7R6PPF	4DNFI7FLUAN3	1731.74	43590ba1334b38629798cc2d2e9bf442	alignments	bam	2	1	stem cell derived cell line	human	N/A	N/A	N/A	released	released	Gholamalamdari O et al. (2024)	TSA-seq	Biorep 2, Techrep 1	NIFK protein	H1-hESC (Tier 1)	TSA-seq MKI67IP in H1 cells	condition2 - conditionE - anti-MKI67IP	Repli-Seq Pipeline - Preliminary Files	4DN	4DN DCIC, HMS	Andrew Belmont, ILLINOIS	N/A	N/A	https://4dn-open-data-public.s3.amazonaws.com/fourfront-webprod/wfoutput/ea9bc352-a88a-4c76-bd15-b14f801a3b0c/4DNFI7FLUAN3.bam
https://data.4dnucleome.org/files-fastq/4DNFICRIXGM3/@@download/4DNFICRIXGM3.fastq.gz	4DNESSUBGK3H	4DNEXTWZR2H7	4DNFICRIXGM3	2217.83	9d81bbc269d944f64f41cdfed1806239	reads	fastq	1	1	immortalized cell line	human	N/A	N/A	N/A	released	released	Kumar P et al. (2023)	TSA-seq	Biorep 1, Techrep 1	NIFK protein	HCT116 (Tier 2)	TSA-seq MKI67IP in HCT116 cells	input - condition2 - conditionC or conditionE -  anti-MKI67IP	raw file	4DN	Andrew Belmont, ILLINOIS	Andrew Belmont, ILLINOIS	N/A	N/A	https://4dn-open-data-public.s3.amazonaws.com/fourfront-webprod/files/c0b2219d-e03c-493e-8c58-ba28dfc6cbfe/4DNFICRIXGM3.fastq.gz
https://data.4dnucleome.org/files-processed/4DNFIAOQLYG6/@@download/4DNFIAOQLYG6.bam	4DNESSUBGK3H	4DNEXTWZR2H7	4DNFIAOQLYG6	2141.09	721b42e88a2fa522db1b0e7e5785760b	alignments	bam	1	1	immortalized cell line	human	N/A	N/A	N/A	released	released	Kumar P et al. (2023)	TSA-seq	Biorep 1, Techrep 1	NIFK protein	HCT116 (Tier 2)	TSA-seq MKI67IP in HCT116 cells	input - condition2 - conditionC or conditionE -  anti-MKI67IP	Repli-Seq Pipeline - Preliminary Files	4DN	4DN DCIC, HMS	Andrew Belmont, ILLINOIS	N/A	N/A	https://4dn-open-data-public.s3.amazonaws.com/fourfront-webprod/wfoutput/c6b77fe9-de7c-4e2a-9a02-30676f4dbc64/4DNFIAOQLYG6.bam
https://data.4dnucleome.org/files-processed/4DNFIHT9VB1H/@@download/4DNFIHT9VB1H.bedGraph.gz	4DNESSUBGK3H	4DNEXTWZR2H7	4DNFIHT9VB1H	0.79	2efd124d44957b0dca75717c3d3400bb	normalized counts	bg	1	1	immortalized cell line	human	N/A	N/A	N/A	released	released	Kumar P et al. (2023)	TSA-seq	Biorep 1, Techrep 1	NIFK protein	HCT116 (Tier 2)	TSA-seq MKI67IP in HCT116 cells	input - condition2 - conditionC or conditionE -  anti-MKI67IP	Repli-Seq Pipeline - Preliminary Files	4DN	4DN DCIC, HMS	Andrew Belmont, ILLINOIS	N/A	N/A	https://4dn-open-data-public.s3.amazonaws.com/fourfront-webprod/wfoutput/66b80d0b-2562-4b6d-90f8-3c097ba26e10/4DNFIHT9VB1H.bedGraph.gz
https://data.4dnucleome.org/files-fastq/4DNFIMSR6C48/@@download/4DNFIMSR6C48.fastq.gz	4DNESSUBGK3H	4DNEXIUZJH4W	4DNFIMSR6C48	2295.39	ffb0b8810568a629c3b97f916e76481f	reads	fastq	2	1	immortalized cell line	human	N/A	N/A	N/A	released	released	Kumar P et al. (2023)	TSA-seq	Biorep 2, Techrep 1	NIFK protein	HCT116 (Tier 2)	TSA-seq MKI67IP in HCT116 cells	input - condition2 - conditionC or conditionE -  anti-MKI67IP	raw file	4DN	Andrew Belmont, ILLINOIS	Andrew Belmont, ILLINOIS	N/A	N/A	https://4dn-open-data-public.s3.amazonaws.com/fourfront-webprod/files/f175dc90-6e05-4d6e-966c-7591ef0ffe0f/4DNFIMSR6C48.fastq.gz
https://data.4dnucleome.org/files-processed/4DNFI9WV9O3N/@@download/4DNFI9WV9O3N.bedGraph.gz	4DNESSUBGK3H	4DNEXIUZJH4W	4DNFI9WV9O3N	0.79	b551e7647f80b18e6bb7805e7a4270aa	normalized counts	bg	2	1	immortalized cell line	human	N/A	N/A	N/A	released	released	Kumar P et al. (2023)	TSA-seq	Biorep 2, Techrep 1	NIFK protein	HCT116 (Tier 2)	TSA-seq MKI67IP in HCT116 cells	input - condition2 - conditionC or conditionE -  anti-MKI67IP	Repli-Seq Pipeline - Preliminary Files	4DN	4DN DCIC, HMS	Andrew Belmont, ILLINOIS	N/A	N/A	https://4dn-open-data-public.s3.amazonaws.com/fourfront-webprod/wfoutput/8411d79e-2252-43d7-9130-f52f94823b4d/4DNFI9WV9O3N.bedGraph.gz
https://data.4dnucleome.org/files-processed/4DNFIUSXCY4R/@@download/4DNFIUSXCY4R.bam	4DNESSUBGK3H	4DNEXIUZJH4W	4DNFIUSXCY4R	2211.47	97c947dec4e904c8493e1bec3c47abb9	alignments	bam	2	1	immortalized cell line	human	N/A	N/A	N/A	released	released	Kumar P et al. (2023)	TSA-seq	Biorep 2, Techrep 1	NIFK protein	HCT116 (Tier 2)	TSA-seq MKI67IP in HCT116 cells	input - condition2 - conditionC or conditionE -  anti-MKI67IP	Repli-Seq Pipeline - Preliminary Files	4DN	4DN DCIC, HMS	Andrew Belmont, ILLINOIS	N/A	N/A	https://4dn-open-data-public.s3.amazonaws.com/fourfront-webprod/wfoutput/5c407a73-f524-48c0-95b4-87214f9a6d57/4DNFIUSXCY4R.bam
###		
###	Summary	
###		
###	Files Selected for Download:			56	
###	Total File Rows:			56	
###	Unique Downloadable Files:			56	
###						
###	IMPORTANT: As of October 15, 2020, you must include an access key in your cURL command for bulk downloads. You can configure the access key in your profile. If you do not already have an account, you can log in with your Google or GitHub credentials.				
