###	N.B.: File summary located at bottom of TSV file.					Suggested command to download: 			cut -f 1 ./metadata_2024-08-23-11h-51m.tsv | tail -n +3 | grep -v ^# | xargs -n 1 curl -O -L --user <access_key_id>:<access_key_secret>
File Download URL	Experiment Set Accession	Experiment Accession	File Accession	Size (MB)	md5sum	File Type	File Format	Bio Rep No	Tech Rep No	Biosource Type	Organism	Related File Relationship	Related File	Paired End	Set Status	File Status	Publication	Experiment Type	Replicate Info	Assay Details	Biosource	Dataset	Condition	In Experiment As	Project	Generating Lab	Experimental Lab	Contributing Lab	Notes	Open Data URL
https://data.4dnucleome.org/files-fastq/4DNFIMCNZO7D/@@download/4DNFIMCNZO7D.fastq.gz	4DNES4OMQCRI	4DNEXMYOLF1L	4DNFIMCNZO7D	2184.91	51c3c8c85bd16c560af783c7e6a7b420	reads	fastq	1	1	immortalized cell line	human	N/A	N/A	N/A	released	released	Kumar P et al. (2023)	TSA-seq	Biorep 1, Techrep 1	POLR1E protein	K562 (Tier 2)	TSA-seq POL1RE in k562 cells	condition2 - conditionE - anti-POL1RE	raw file	4DN	Andrew Belmont, ILLINOIS	Andrew Belmont, ILLINOIS	N/A	N/A	https://4dn-open-data-public.s3.amazonaws.com/fourfront-webprod/files/b1076136-440c-4af3-a957-f56cf8cbc39a/4DNFIMCNZO7D.fastq.gz
https://data.4dnucleome.org/files-processed/4DNFI1WULK53/@@download/4DNFI1WULK53.bw	4DNES4OMQCRI	4DNEXMYOLF1L	4DNFI1WULK53	1.07	fa5ae893496a10732f7a88d87aff3b97	normalized counts	bw	1	1	immortalized cell line	human	N/A	N/A	N/A	released	released	Kumar P et al. (2023)	TSA-seq	Biorep 1, Techrep 1	POLR1E protein	K562 (Tier 2)	TSA-seq POL1RE in k562 cells	condition2 - conditionE - anti-POL1RE	processed file	4DN	Andrew Belmont, ILLINOIS	Andrew Belmont, ILLINOIS	N/A	This file contains processed results performed outside of the 4DN-DCIC standardized pipelines. The file and the information about its provenance, i.e. which files were used as input to generate this output was provided by or done in collaboration with the lab that did the experiments to generate the raw data. For more information about the specific analysis performed, please contact the submitting lab or refer to the relevant publication if available.	https://4dn-open-data-public.s3.amazonaws.com/fourfront-webprod/wfoutput/7d20a8c0-1998-41f7-86cd-c9478998ace7/4DNFI1WULK53.bw
https://data.4dnucleome.org/files-processed/4DNFIGCHG3AQ/@@download/4DNFIGCHG3AQ.bam	4DNES4OMQCRI	4DNEXMYOLF1L	4DNFIGCHG3AQ	1956.35	d27156d490e1ad2ba6f59ddf9af6c055	alignments	bam	1	1	immortalized cell line	human	N/A	N/A	N/A	released	released	Kumar P et al. (2023)	TSA-seq	Biorep 1, Techrep 1	POLR1E protein	K562 (Tier 2)	TSA-seq POL1RE in k562 cells	condition2 - conditionE - anti-POL1RE	Repli-Seq Pipeline - Preliminary Files	4DN	4DN DCIC, HMS	Andrew Belmont, ILLINOIS	N/A	N/A	https://4dn-open-data-public.s3.amazonaws.com/fourfront-webprod/wfoutput/75d21bf9-a63d-49d3-b559-eb110ebed40a/4DNFIGCHG3AQ.bam
https://data.4dnucleome.org/files-processed/4DNFIND8EPQ4/@@download/4DNFIND8EPQ4.bedGraph.gz	4DNES4OMQCRI	4DNEXMYOLF1L	4DNFIND8EPQ4	0.83	2607d3f4f7ca727dcde619edced56b81	normalized counts	bg	1	1	immortalized cell line	human	N/A	N/A	N/A	released	released	Kumar P et al. (2023)	TSA-seq	Biorep 1, Techrep 1	POLR1E protein	K562 (Tier 2)	TSA-seq POL1RE in k562 cells	condition2 - conditionE - anti-POL1RE	Repli-Seq Pipeline - Preliminary Files	4DN	4DN DCIC, HMS	Andrew Belmont, ILLINOIS	N/A	N/A	https://4dn-open-data-public.s3.amazonaws.com/fourfront-webprod/wfoutput/022771e1-8b01-441c-80c7-3f95b4b4076a/4DNFIND8EPQ4.bedGraph.gz
https://data.4dnucleome.org/files-fastq/4DNFIRQHKYIY/@@download/4DNFIRQHKYIY.fastq.gz	4DNES4OMQCRI	4DNEXHE9RB4O	4DNFIRQHKYIY	1681.46	a1054d7669d98e14d708fc43b6fa946e	reads	fastq	2	1	immortalized cell line	human	N/A	N/A	N/A	released	released	Kumar P et al. (2023)	TSA-seq	Biorep 2, Techrep 1	POLR1E protein	K562 (Tier 2)	TSA-seq POL1RE in k562 cells	condition2 - conditionE - anti-POL1RE	raw file	4DN	Andrew Belmont, ILLINOIS	Andrew Belmont, ILLINOIS	N/A	N/A	https://4dn-open-data-public.s3.amazonaws.com/fourfront-webprod/files/af43dcfc-3afa-4167-9496-54108d0440bf/4DNFIRQHKYIY.fastq.gz
https://data.4dnucleome.org/files-processed/4DNFIBMQ3J6F/@@download/4DNFIBMQ3J6F.bw	4DNES4OMQCRI	4DNEXHE9RB4O	4DNFIBMQ3J6F	1.06	15e404c567f7c6af81ace39468c1f6be	normalized counts	bw	2	1	immortalized cell line	human	N/A	N/A	N/A	released	released	Kumar P et al. (2023)	TSA-seq	Biorep 2, Techrep 1	POLR1E protein	K562 (Tier 2)	TSA-seq POL1RE in k562 cells	condition2 - conditionE - anti-POL1RE	processed file	4DN	Andrew Belmont, ILLINOIS	Andrew Belmont, ILLINOIS	N/A	This file contains processed results performed outside of the 4DN-DCIC standardized pipelines. The file and the information about its provenance, i.e. which files were used as input to generate this output was provided by or done in collaboration with the lab that did the experiments to generate the raw data. For more information about the specific analysis performed, please contact the submitting lab or refer to the relevant publication if available.	https://4dn-open-data-public.s3.amazonaws.com/fourfront-webprod/wfoutput/a9160ba5-e7a6-46af-b1f9-d908a0338ebe/4DNFIBMQ3J6F.bw
https://data.4dnucleome.org/files-processed/4DNFIAQEIERO/@@download/4DNFIAQEIERO.bam	4DNES4OMQCRI	4DNEXHE9RB4O	4DNFIAQEIERO	1537.90	d1197f1af9ef751d6358da9b00d0d66d	alignments	bam	2	1	immortalized cell line	human	N/A	N/A	N/A	released	released	Kumar P et al. (2023)	TSA-seq	Biorep 2, Techrep 1	POLR1E protein	K562 (Tier 2)	TSA-seq POL1RE in k562 cells	condition2 - conditionE - anti-POL1RE	Repli-Seq Pipeline - Preliminary Files	4DN	4DN DCIC, HMS	Andrew Belmont, ILLINOIS	N/A	N/A	https://4dn-open-data-public.s3.amazonaws.com/fourfront-webprod/wfoutput/d6fdf974-ffbd-475d-aaf8-2eaf1f481af6/4DNFIAQEIERO.bam
https://data.4dnucleome.org/files-processed/4DNFIO4NJH4K/@@download/4DNFIO4NJH4K.bedGraph.gz	4DNES4OMQCRI	4DNEXHE9RB4O	4DNFIO4NJH4K	0.81	67e116ad0bd3102cf722512dcfab4319	normalized counts	bg	2	1	immortalized cell line	human	N/A	N/A	N/A	released	released	Kumar P et al. (2023)	TSA-seq	Biorep 2, Techrep 1	POLR1E protein	K562 (Tier 2)	TSA-seq POL1RE in k562 cells	condition2 - conditionE - anti-POL1RE	Repli-Seq Pipeline - Preliminary Files	4DN	4DN DCIC, HMS	Andrew Belmont, ILLINOIS	N/A	N/A	https://4dn-open-data-public.s3.amazonaws.com/fourfront-webprod/wfoutput/d1afb429-bd0e-4dfb-9185-d3549cbb53ab/4DNFIO4NJH4K.bedGraph.gz
https://data.4dnucleome.org/files-fastq/4DNFI4CRQONH/@@download/4DNFI4CRQONH.fastq.gz	4DNES7XKUUG1	4DNEXWHEE1AN	4DNFI4CRQONH	1661.90	79f026a43bc052dbbd02b6e66fbd9365	reads	fastq	1	1	immortalized cell line	human	N/A	N/A	N/A	released	released	Kumar P et al. (2023)	TSA-seq	Biorep 1, Techrep 1	POLR1E protein	HCT116 (Tier 2)	TSA-seq POL1RE in HCT116 cells	input - condition2 - conditionC or conditionE-  anti-POL1RE	raw file	4DN	Andrew Belmont, ILLINOIS	Andrew Belmont, ILLINOIS	N/A	N/A	https://4dn-open-data-public.s3.amazonaws.com/fourfront-webprod/files/c4b8a850-8298-4033-9825-61c7b034559a/4DNFI4CRQONH.fastq.gz
https://data.4dnucleome.org/files-processed/4DNFI5XCL4VY/@@download/4DNFI5XCL4VY.bam	4DNES7XKUUG1	4DNEXWHEE1AN	4DNFI5XCL4VY	1738.25	39f9d2670742fdbe00191dc056bf5cf8	alignments	bam	1	1	immortalized cell line	human	N/A	N/A	N/A	released	released	Kumar P et al. (2023)	TSA-seq	Biorep 1, Techrep 1	POLR1E protein	HCT116 (Tier 2)	TSA-seq POL1RE in HCT116 cells	input - condition2 - conditionC or conditionE-  anti-POL1RE	Repli-Seq Pipeline - Preliminary Files	4DN	4DN DCIC, HMS	Andrew Belmont, ILLINOIS	N/A	N/A	https://4dn-open-data-public.s3.amazonaws.com/fourfront-webprod/wfoutput/bfdf6237-be48-40ce-87d8-2262b0eb1c5a/4DNFI5XCL4VY.bam
https://data.4dnucleome.org/files-processed/4DNFIYX3VVA9/@@download/4DNFIYX3VVA9.bedGraph.gz	4DNES7XKUUG1	4DNEXWHEE1AN	4DNFIYX3VVA9	0.78	1cfe1045956f2de1c68859e5820c3cdf	normalized counts	bg	1	1	immortalized cell line	human	N/A	N/A	N/A	released	released	Kumar P et al. (2023)	TSA-seq	Biorep 1, Techrep 1	POLR1E protein	HCT116 (Tier 2)	TSA-seq POL1RE in HCT116 cells	input - condition2 - conditionC or conditionE-  anti-POL1RE	Repli-Seq Pipeline - Preliminary Files	4DN	4DN DCIC, HMS	Andrew Belmont, ILLINOIS	N/A	N/A	https://4dn-open-data-public.s3.amazonaws.com/fourfront-webprod/wfoutput/28b79c69-e7a5-4566-9b17-7bd1870a2aff/4DNFIYX3VVA9.bedGraph.gz
https://data.4dnucleome.org/files-fastq/4DNFIBETEQDU/@@download/4DNFIBETEQDU.fastq.gz	4DNES7XKUUG1	4DNEXMBJQT85	4DNFIBETEQDU	2211.01	7aa0606e8fc1b0e9cf1c8d4add38048f	reads	fastq	2	1	immortalized cell line	human	N/A	N/A	N/A	released	released	Kumar P et al. (2023)	TSA-seq	Biorep 2, Techrep 1	POLR1E protein	HCT116 (Tier 2)	TSA-seq POL1RE in HCT116 cells	input - condition2 - conditionC or conditionE-  anti-POL1RE	raw file	4DN	Andrew Belmont, ILLINOIS	Andrew Belmont, ILLINOIS	N/A	N/A	https://4dn-open-data-public.s3.amazonaws.com/fourfront-webprod/files/dc476580-dc42-43f5-9cca-97f508cd8adb/4DNFIBETEQDU.fastq.gz
https://data.4dnucleome.org/files-processed/4DNFI61HCMFW/@@download/4DNFI61HCMFW.bam	4DNES7XKUUG1	4DNEXMBJQT85	4DNFI61HCMFW	2159.42	bce1ba346f0b599c79c2f0b64d103aa7	alignments	bam	2	1	immortalized cell line	human	N/A	N/A	N/A	released	released	Kumar P et al. (2023)	TSA-seq	Biorep 2, Techrep 1	POLR1E protein	HCT116 (Tier 2)	TSA-seq POL1RE in HCT116 cells	input - condition2 - conditionC or conditionE-  anti-POL1RE	Repli-Seq Pipeline - Preliminary Files	4DN	4DN DCIC, HMS	Andrew Belmont, ILLINOIS	N/A	N/A	https://4dn-open-data-public.s3.amazonaws.com/fourfront-webprod/wfoutput/80de77ba-29dd-4d3e-ab5c-6ec9381015b3/4DNFI61HCMFW.bam
https://data.4dnucleome.org/files-processed/4DNFIUZSFIY6/@@download/4DNFIUZSFIY6.bedGraph.gz	4DNES7XKUUG1	4DNEXMBJQT85	4DNFIUZSFIY6	0.79	68706f8b97f9016fad1e956174f26edd	normalized counts	bg	2	1	immortalized cell line	human	N/A	N/A	N/A	released	released	Kumar P et al. (2023)	TSA-seq	Biorep 2, Techrep 1	POLR1E protein	HCT116 (Tier 2)	TSA-seq POL1RE in HCT116 cells	input - condition2 - conditionC or conditionE-  anti-POL1RE	Repli-Seq Pipeline - Preliminary Files	4DN	4DN DCIC, HMS	Andrew Belmont, ILLINOIS	N/A	N/A	https://4dn-open-data-public.s3.amazonaws.com/fourfront-webprod/wfoutput/f81ce724-3da7-4d39-8c88-03fdf601cd6a/4DNFIUZSFIY6.bedGraph.gz
https://data.4dnucleome.org/files-fastq/4DNFI83NY9BE/@@download/4DNFI83NY9BE.fastq.gz	4DNES7XKUUG1	4DNEX4BHMGQX	4DNFI83NY9BE	2518.38	ffe77eac698d81a76cfef4004c910d7f	reads	fastq	3	1	immortalized cell line	human	N/A	N/A	N/A	released	released	Kumar P et al. (2023)	TSA-seq	Biorep 3, Techrep 1	POLR1E protein	HCT116 (Tier 2)	TSA-seq POL1RE in HCT116 cells	input - condition2 - conditionC or conditionE-  anti-POL1RE	raw file	4DN	Andrew Belmont, ILLINOIS	Andrew Belmont, ILLINOIS	N/A	N/A	https://4dn-open-data-public.s3.amazonaws.com/fourfront-webprod/files/634c3dda-8bd5-47e0-9dac-5cfce359ccb9/4DNFI83NY9BE.fastq.gz
https://data.4dnucleome.org/files-processed/4DNFI2ZE2Q25/@@download/4DNFI2ZE2Q25.bam	4DNES7XKUUG1	4DNEX4BHMGQX	4DNFI2ZE2Q25	2539.42	d50979f43b3f4c8d94105fd969843cfc	alignments	bam	3	1	immortalized cell line	human	N/A	N/A	N/A	released	released	Kumar P et al. (2023)	TSA-seq	Biorep 3, Techrep 1	POLR1E protein	HCT116 (Tier 2)	TSA-seq POL1RE in HCT116 cells	input - condition2 - conditionC or conditionE-  anti-POL1RE	Repli-Seq Pipeline - Preliminary Files	4DN	4DN DCIC, HMS	Andrew Belmont, ILLINOIS	N/A	N/A	https://4dn-open-data-public.s3.amazonaws.com/fourfront-webprod/wfoutput/f2002f36-dbbc-49ed-b94e-ffb612b8b708/4DNFI2ZE2Q25.bam
https://data.4dnucleome.org/files-processed/4DNFIPX1XK8D/@@download/4DNFIPX1XK8D.bedGraph.gz	4DNES7XKUUG1	4DNEX4BHMGQX	4DNFIPX1XK8D	0.80	60ad699c7242dc21075e7b47cf83aff9	normalized counts	bg	3	1	immortalized cell line	human	N/A	N/A	N/A	released	released	Kumar P et al. (2023)	TSA-seq	Biorep 3, Techrep 1	POLR1E protein	HCT116 (Tier 2)	TSA-seq POL1RE in HCT116 cells	input - condition2 - conditionC or conditionE-  anti-POL1RE	Repli-Seq Pipeline - Preliminary Files	4DN	4DN DCIC, HMS	Andrew Belmont, ILLINOIS	N/A	N/A	https://4dn-open-data-public.s3.amazonaws.com/fourfront-webprod/wfoutput/88c04b83-8019-4ac2-810b-a4d59c811c29/4DNFIPX1XK8D.bedGraph.gz
https://data.4dnucleome.org/files-fastq/4DNFI4GS2MQ4/@@download/4DNFI4GS2MQ4.fastq.gz	4DNESBRNMFK6	4DNEXMM42RWV	4DNFI4GS2MQ4	1822.20	63904d98073dd04a79eede0f069a432e	reads	fastq	1	1	stem cell derived cell line	human	N/A	N/A	N/A	released	released	Correspondence: asbel@illinois.edu	TSA-seq	Biorep 1, Techrep 1	POLR1E protein	H1-hESC (Tier 1)	TSA-seq POL1RE in H1 cells	input - condition2 - conditionE -  anti-POL1RE	raw file	4DN	Andrew Belmont, ILLINOIS	Andrew Belmont, ILLINOIS	N/A	N/A	https://4dn-open-data-public.s3.amazonaws.com/fourfront-webprod/files/02d53aec-a9b7-4a2d-9597-1db2e9e8e731/4DNFI4GS2MQ4.fastq.gz
https://data.4dnucleome.org/files-processed/4DNFIQLGWN2K/@@download/4DNFIQLGWN2K.bedGraph.gz	4DNESBRNMFK6	4DNEXMM42RWV	4DNFIQLGWN2K	0.77	fd814445731039fcc04a0bb89dcf5891	normalized counts	bg	1	1	stem cell derived cell line	human	N/A	N/A	N/A	released	released	Correspondence: asbel@illinois.edu	TSA-seq	Biorep 1, Techrep 1	POLR1E protein	H1-hESC (Tier 1)	TSA-seq POL1RE in H1 cells	input - condition2 - conditionE -  anti-POL1RE	Repli-Seq Pipeline - Preliminary Files	4DN	4DN DCIC, HMS	Andrew Belmont, ILLINOIS	N/A	N/A	https://4dn-open-data-public.s3.amazonaws.com/fourfront-webprod/wfoutput/7f09628e-c642-420a-a00e-813c2d3b04f9/4DNFIQLGWN2K.bedGraph.gz
https://data.4dnucleome.org/files-processed/4DNFIVQYYX36/@@download/4DNFIVQYYX36.bam	4DNESBRNMFK6	4DNEXMM42RWV	4DNFIVQYYX36	1686.55	4a77a11d9157880a2953ccf3f0f51d4a	alignments	bam	1	1	stem cell derived cell line	human	N/A	N/A	N/A	released	released	Correspondence: asbel@illinois.edu	TSA-seq	Biorep 1, Techrep 1	POLR1E protein	H1-hESC (Tier 1)	TSA-seq POL1RE in H1 cells	input - condition2 - conditionE -  anti-POL1RE	Repli-Seq Pipeline - Preliminary Files	4DN	4DN DCIC, HMS	Andrew Belmont, ILLINOIS	N/A	N/A	https://4dn-open-data-public.s3.amazonaws.com/fourfront-webprod/wfoutput/bc8ad7d3-97ab-43e7-8ad8-5481fc5f4834/4DNFIVQYYX36.bam
https://data.4dnucleome.org/files-fastq/4DNFIPUV2MHO/@@download/4DNFIPUV2MHO.fastq.gz	4DNESBRNMFK6	4DNEXRNNYJQR	4DNFIPUV2MHO	1833.03	0c878d2f518f7c3b57115e6bc6d0c59f	reads	fastq	2	1	stem cell derived cell line	human	N/A	N/A	N/A	released	released	Correspondence: asbel@illinois.edu	TSA-seq	Biorep 2, Techrep 1	POLR1E protein	H1-hESC (Tier 1)	TSA-seq POL1RE in H1 cells	input - condition2 - conditionE -  anti-POL1RE	raw file	4DN	Andrew Belmont, ILLINOIS	Andrew Belmont, ILLINOIS	N/A	N/A	https://4dn-open-data-public.s3.amazonaws.com/fourfront-webprod/files/8f270aba-86c8-4b37-8571-1bc250a88897/4DNFIPUV2MHO.fastq.gz
https://data.4dnucleome.org/files-processed/4DNFI5PFCZHO/@@download/4DNFI5PFCZHO.bam	4DNESBRNMFK6	4DNEXRNNYJQR	4DNFI5PFCZHO	1851.47	fdfa867a5ba81b03286ee7bab105d76e	alignments	bam	2	1	stem cell derived cell line	human	N/A	N/A	N/A	released	released	Correspondence: asbel@illinois.edu	TSA-seq	Biorep 2, Techrep 1	POLR1E protein	H1-hESC (Tier 1)	TSA-seq POL1RE in H1 cells	input - condition2 - conditionE -  anti-POL1RE	Repli-Seq Pipeline - Preliminary Files	4DN	4DN DCIC, HMS	Andrew Belmont, ILLINOIS	N/A	N/A	https://4dn-open-data-public.s3.amazonaws.com/fourfront-webprod/wfoutput/f0d9b3a0-59bb-4149-b48b-c53e0d670437/4DNFI5PFCZHO.bam
https://data.4dnucleome.org/files-processed/4DNFIEVFP2V8/@@download/4DNFIEVFP2V8.bedGraph.gz	4DNESBRNMFK6	4DNEXRNNYJQR	4DNFIEVFP2V8	0.79	26682d56ec2d03d095ad80462e0c6745	normalized counts	bg	2	1	stem cell derived cell line	human	N/A	N/A	N/A	released	released	Correspondence: asbel@illinois.edu	TSA-seq	Biorep 2, Techrep 1	POLR1E protein	H1-hESC (Tier 1)	TSA-seq POL1RE in H1 cells	input - condition2 - conditionE -  anti-POL1RE	Repli-Seq Pipeline - Preliminary Files	4DN	4DN DCIC, HMS	Andrew Belmont, ILLINOIS	N/A	N/A	https://4dn-open-data-public.s3.amazonaws.com/fourfront-webprod/wfoutput/014f9b4d-9eff-468f-9154-9cb9c4398cab/4DNFIEVFP2V8.bedGraph.gz
https://data.4dnucleome.org/files-fastq/4DNFIYMRG658/@@download/4DNFIYMRG658.fastq.gz	4DNESGQFG1ZQ	4DNEX7FSBKHN	4DNFIYMRG658	1653.49	7195ebe73836e29ef6c27579f50682ee	reads	fastq	1	1	immortalized cell line	human	N/A	N/A	N/A	released	released	Kumar P et al. (2023)	TSA-seq	Biorep 1, Techrep 1	POLR1E protein	HFFc6 (Tier 1)	TSA-seq POL1RE in HFFc6 cells	input - condition2 - conditionE -  anti-POL1RE	raw file	4DN	Andrew Belmont, ILLINOIS	Andrew Belmont, ILLINOIS	N/A	N/A	https://4dn-open-data-public.s3.amazonaws.com/fourfront-webprod/files/f8c7a4cb-5408-4e7b-98a7-255af785090b/4DNFIYMRG658.fastq.gz
https://data.4dnucleome.org/files-processed/4DNFI2FXV341/@@download/4DNFI2FXV341.bedGraph.gz	4DNESGQFG1ZQ	4DNEX7FSBKHN	4DNFI2FXV341	0.81	750d271aa78b74946fff80537bd5c285	normalized counts	bg	1	1	immortalized cell line	human	N/A	N/A	N/A	released	released	Kumar P et al. (2023)	TSA-seq	Biorep 1, Techrep 1	POLR1E protein	HFFc6 (Tier 1)	TSA-seq POL1RE in HFFc6 cells	input - condition2 - conditionE -  anti-POL1RE	Repli-Seq Pipeline - Preliminary Files	4DN	4DN DCIC, HMS	Andrew Belmont, ILLINOIS	N/A	N/A	https://4dn-open-data-public.s3.amazonaws.com/fourfront-webprod/wfoutput/5c9f08b7-8656-42dc-a063-3996d43d4b70/4DNFI2FXV341.bedGraph.gz
https://data.4dnucleome.org/files-processed/4DNFIQFYTR3K/@@download/4DNFIQFYTR3K.bam	4DNESGQFG1ZQ	4DNEX7FSBKHN	4DNFIQFYTR3K	1510.21	b3300be137e08ed8269971b1acb7316e	alignments	bam	1	1	immortalized cell line	human	N/A	N/A	N/A	released	released	Kumar P et al. (2023)	TSA-seq	Biorep 1, Techrep 1	POLR1E protein	HFFc6 (Tier 1)	TSA-seq POL1RE in HFFc6 cells	input - condition2 - conditionE -  anti-POL1RE	Repli-Seq Pipeline - Preliminary Files	4DN	4DN DCIC, HMS	Andrew Belmont, ILLINOIS	N/A	N/A	https://4dn-open-data-public.s3.amazonaws.com/fourfront-webprod/wfoutput/f535a65e-9025-44de-9cfe-4c89b71f7970/4DNFIQFYTR3K.bam
https://data.4dnucleome.org/files-fastq/4DNFIHHIP28F/@@download/4DNFIHHIP28F.fastq.gz	4DNESGQFG1ZQ	4DNEX1O3DG3L	4DNFIHHIP28F	2436.61	fdb0466f8a2b92dedc26b24ebb40a42d	reads	fastq	2	1	immortalized cell line	human	N/A	N/A	N/A	released	released	Kumar P et al. (2023)	TSA-seq	Biorep 2, Techrep 1	POLR1E protein	HFFc6 (Tier 1)	TSA-seq POL1RE in HFFc6 cells	input - condition2 - conditionE -  anti-POL1RE	raw file	4DN	Andrew Belmont, ILLINOIS	Andrew Belmont, ILLINOIS	N/A	N/A	https://4dn-open-data-public.s3.amazonaws.com/fourfront-webprod/files/90d13666-03c0-4133-81f4-db1f6c9b1325/4DNFIHHIP28F.fastq.gz
https://data.4dnucleome.org/files-processed/4DNFIHLM86W5/@@download/4DNFIHLM86W5.bedGraph.gz	4DNESGQFG1ZQ	4DNEX1O3DG3L	4DNFIHLM86W5	0.78	4fe2c19f37503a080c6f66c8aac268bf	normalized counts	bg	2	1	immortalized cell line	human	N/A	N/A	N/A	released	released	Kumar P et al. (2023)	TSA-seq	Biorep 2, Techrep 1	POLR1E protein	HFFc6 (Tier 1)	TSA-seq POL1RE in HFFc6 cells	input - condition2 - conditionE -  anti-POL1RE	Repli-Seq Pipeline - Preliminary Files	4DN	4DN DCIC, HMS	Andrew Belmont, ILLINOIS	N/A	N/A	https://4dn-open-data-public.s3.amazonaws.com/fourfront-webprod/wfoutput/9c336504-9a8f-4c1a-ad84-196964101b65/4DNFIHLM86W5.bedGraph.gz
https://data.4dnucleome.org/files-processed/4DNFIJWX7T4D/@@download/4DNFIJWX7T4D.bam	4DNESGQFG1ZQ	4DNEX1O3DG3L	4DNFIJWX7T4D	2205.91	8d529467e7dfaa639b663e03996da7db	alignments	bam	2	1	immortalized cell line	human	N/A	N/A	N/A	released	released	Kumar P et al. (2023)	TSA-seq	Biorep 2, Techrep 1	POLR1E protein	HFFc6 (Tier 1)	TSA-seq POL1RE in HFFc6 cells	input - condition2 - conditionE -  anti-POL1RE	Repli-Seq Pipeline - Preliminary Files	4DN	4DN DCIC, HMS	Andrew Belmont, ILLINOIS	N/A	N/A	https://4dn-open-data-public.s3.amazonaws.com/fourfront-webprod/wfoutput/23b0e092-02ca-46ba-abbe-5dc10d5789dd/4DNFIJWX7T4D.bam
https://data.4dnucleome.org/files-fastq/4DNFICVJJ1VC/@@download/4DNFICVJJ1VC.fastq.gz	4DNESGSXHQA6	4DNEXLKKANZ9	4DNFICVJJ1VC	1901.39	60b605602b9fd5b73a888fcc1f267dcf	reads	fastq	1	1	immortalized cell line	human	N/A	N/A	N/A	released	released	Kumar P et al. (2023)	TSA-seq	Biorep 1, Techrep 1	POLR1E protein	K562 (Tier 2)	TSA-seq POL1RE in k562 cells	input - condition2 - conditionE -  anti-POL1RE	raw file	4DN	Andrew Belmont, ILLINOIS	Andrew Belmont, ILLINOIS	N/A	N/A	https://4dn-open-data-public.s3.amazonaws.com/fourfront-webprod/files/fcaea6fd-39a3-42e7-8c53-07e24f6700da/4DNFICVJJ1VC.fastq.gz
https://data.4dnucleome.org/files-processed/4DNFIC2TYN1J/@@download/4DNFIC2TYN1J.bedGraph.gz	4DNESGSXHQA6	4DNEXLKKANZ9	4DNFIC2TYN1J	0.81	db02b05783f1119b66e2ed8c93827cfb	normalized counts	bg	1	1	immortalized cell line	human	N/A	N/A	N/A	released	released	Kumar P et al. (2023)	TSA-seq	Biorep 1, Techrep 1	POLR1E protein	K562 (Tier 2)	TSA-seq POL1RE in k562 cells	input - condition2 - conditionE -  anti-POL1RE	Repli-Seq Pipeline - Preliminary Files	4DN	4DN DCIC, HMS	Andrew Belmont, ILLINOIS	N/A	N/A	https://4dn-open-data-public.s3.amazonaws.com/fourfront-webprod/wfoutput/4d807fef-a7d3-454e-bbe7-115014615ff3/4DNFIC2TYN1J.bedGraph.gz
https://data.4dnucleome.org/files-processed/4DNFIPHYNC73/@@download/4DNFIPHYNC73.bam	4DNESGSXHQA6	4DNEXLKKANZ9	4DNFIPHYNC73	1782.67	88ca359db776ce24f6efe644e6fc51a3	alignments	bam	1	1	immortalized cell line	human	N/A	N/A	N/A	released	released	Kumar P et al. (2023)	TSA-seq	Biorep 1, Techrep 1	POLR1E protein	K562 (Tier 2)	TSA-seq POL1RE in k562 cells	input - condition2 - conditionE -  anti-POL1RE	Repli-Seq Pipeline - Preliminary Files	4DN	4DN DCIC, HMS	Andrew Belmont, ILLINOIS	N/A	N/A	https://4dn-open-data-public.s3.amazonaws.com/fourfront-webprod/wfoutput/a0549654-b11d-4210-ae3e-a3e093672ddc/4DNFIPHYNC73.bam
https://data.4dnucleome.org/files-fastq/4DNFIHXIZ6WR/@@download/4DNFIHXIZ6WR.fastq.gz	4DNESGSXHQA6	4DNEX5HI291I	4DNFIHXIZ6WR	1760.48	8975917fccb5f2a96687a329688a4f91	reads	fastq	2	1	immortalized cell line	human	N/A	N/A	N/A	released	released	Kumar P et al. (2023)	TSA-seq	Biorep 2, Techrep 1	POLR1E protein	K562 (Tier 2)	TSA-seq POL1RE in k562 cells	input - condition2 - conditionE -  anti-POL1RE	raw file	4DN	Andrew Belmont, ILLINOIS	Andrew Belmont, ILLINOIS	N/A	N/A	https://4dn-open-data-public.s3.amazonaws.com/fourfront-webprod/files/2cda1268-b953-4f23-a1df-db044d753570/4DNFIHXIZ6WR.fastq.gz
https://data.4dnucleome.org/files-processed/4DNFI71L3A2N/@@download/4DNFI71L3A2N.bam	4DNESGSXHQA6	4DNEX5HI291I	4DNFI71L3A2N	1626.15	9b1a6e715205a5a44695f937ea316ebb	alignments	bam	2	1	immortalized cell line	human	N/A	N/A	N/A	released	released	Kumar P et al. (2023)	TSA-seq	Biorep 2, Techrep 1	POLR1E protein	K562 (Tier 2)	TSA-seq POL1RE in k562 cells	input - condition2 - conditionE -  anti-POL1RE	Repli-Seq Pipeline - Preliminary Files	4DN	4DN DCIC, HMS	Andrew Belmont, ILLINOIS	N/A	N/A	https://4dn-open-data-public.s3.amazonaws.com/fourfront-webprod/wfoutput/073530d0-ca13-4695-b672-6272636a3a22/4DNFI71L3A2N.bam
https://data.4dnucleome.org/files-processed/4DNFIROSQ4VJ/@@download/4DNFIROSQ4VJ.bedGraph.gz	4DNESGSXHQA6	4DNEX5HI291I	4DNFIROSQ4VJ	0.79	c13edd379fd9a6fda533dba6649f0933	normalized counts	bg	2	1	immortalized cell line	human	N/A	N/A	N/A	released	released	Kumar P et al. (2023)	TSA-seq	Biorep 2, Techrep 1	POLR1E protein	K562 (Tier 2)	TSA-seq POL1RE in k562 cells	input - condition2 - conditionE -  anti-POL1RE	Repli-Seq Pipeline - Preliminary Files	4DN	4DN DCIC, HMS	Andrew Belmont, ILLINOIS	N/A	N/A	https://4dn-open-data-public.s3.amazonaws.com/fourfront-webprod/wfoutput/a56f21fb-9053-4018-9370-404528e44a5c/4DNFIROSQ4VJ.bedGraph.gz
https://data.4dnucleome.org/files-fastq/4DNFI42NOR7D/@@download/4DNFI42NOR7D.fastq.gz	4DNESGX4FCGV	4DNEX4CHU3Y2	4DNFI42NOR7D	1620.85	9f29b58674a0e5c9846b43997a242d7a	reads	fastq	1	1	immortalized cell line	human	N/A	N/A	N/A	released	released	Correspondence: asbel@illinois.edu	TSA-seq	Biorep 1, Techrep 1	POLR1E protein	HCT116 (Tier 2)	TSA-seq POL1RE in HCT116 cells	condition2 - conditionC or conditionE- anti-POL1RE	raw file	4DN	Andrew Belmont, ILLINOIS	Andrew Belmont, ILLINOIS	N/A	N/A	https://4dn-open-data-public.s3.amazonaws.com/fourfront-webprod/files/2a378df9-67a2-46d8-9227-c083a0e1a4c5/4DNFI42NOR7D.fastq.gz
https://data.4dnucleome.org/files-processed/4DNFIC9PG8UE/@@download/4DNFIC9PG8UE.bw	4DNESGX4FCGV	4DNEX4CHU3Y2	4DNFIC9PG8UE	1.06	775aadfa9fc642345205ee96a4a6ad1c	normalized counts	bw	1	1	immortalized cell line	human	N/A	N/A	N/A	released	released	Correspondence: asbel@illinois.edu	TSA-seq	Biorep 1, Techrep 1	POLR1E protein	HCT116 (Tier 2)	TSA-seq POL1RE in HCT116 cells	condition2 - conditionC or conditionE- anti-POL1RE	processed file	4DN	Andrew Belmont, ILLINOIS	Andrew Belmont, ILLINOIS	N/A	This file contains processed results performed outside of the 4DN-DCIC standardized pipelines. The file and the information about its provenance, i.e. which files were used as input to generate this output was provided by or done in collaboration with the lab that did the experiments to generate the raw data. For more information about the specific analysis performed, please contact the submitting lab or refer to the relevant publication if available.	https://4dn-open-data-public.s3.amazonaws.com/fourfront-webprod/wfoutput/177ebddb-3f25-46d0-9308-697b2dcb827e/4DNFIC9PG8UE.bw
https://data.4dnucleome.org/files-processed/4DNFI18QFXYT/@@download/4DNFI18QFXYT.bam	4DNESGX4FCGV	4DNEX4CHU3Y2	4DNFI18QFXYT	1248.36	69fe5c1b0ab63dbe006f9b3685aa8cef	alignments	bam	1	1	immortalized cell line	human	N/A	N/A	N/A	released	released	Correspondence: asbel@illinois.edu	TSA-seq	Biorep 1, Techrep 1	POLR1E protein	HCT116 (Tier 2)	TSA-seq POL1RE in HCT116 cells	condition2 - conditionC or conditionE- anti-POL1RE	Repli-Seq Pipeline - Preliminary Files	4DN	4DN DCIC, HMS	Andrew Belmont, ILLINOIS	N/A	N/A	https://4dn-open-data-public.s3.amazonaws.com/fourfront-webprod/wfoutput/5900894f-5603-44cb-aefb-e15c5f154315/4DNFI18QFXYT.bam
https://data.4dnucleome.org/files-processed/4DNFIKAYBFSO/@@download/4DNFIKAYBFSO.bedGraph.gz	4DNESGX4FCGV	4DNEX4CHU3Y2	4DNFIKAYBFSO	0.79	c7258c16463ceb96ac37c10434ce94d6	normalized counts	bg	1	1	immortalized cell line	human	N/A	N/A	N/A	released	released	Correspondence: asbel@illinois.edu	TSA-seq	Biorep 1, Techrep 1	POLR1E protein	HCT116 (Tier 2)	TSA-seq POL1RE in HCT116 cells	condition2 - conditionC or conditionE- anti-POL1RE	Repli-Seq Pipeline - Preliminary Files	4DN	4DN DCIC, HMS	Andrew Belmont, ILLINOIS	N/A	N/A	https://4dn-open-data-public.s3.amazonaws.com/fourfront-webprod/wfoutput/2da90ec4-b798-41eb-898a-d189f6ad9663/4DNFIKAYBFSO.bedGraph.gz
https://data.4dnucleome.org/files-fastq/4DNFIDSOUJVJ/@@download/4DNFIDSOUJVJ.fastq.gz	4DNESGX4FCGV	4DNEXYJ16VDS	4DNFIDSOUJVJ	2732.56	4ca11efa6d8e8a531bbf6218d9fa7287	reads	fastq	2	1	immortalized cell line	human	N/A	N/A	N/A	released	released	Correspondence: asbel@illinois.edu	TSA-seq	Biorep 2, Techrep 1	POLR1E protein	HCT116 (Tier 2)	TSA-seq POL1RE in HCT116 cells	condition2 - conditionC or conditionE- anti-POL1RE	raw file	4DN	Andrew Belmont, ILLINOIS	Andrew Belmont, ILLINOIS	N/A	N/A	https://4dn-open-data-public.s3.amazonaws.com/fourfront-webprod/files/a34a0114-22cd-4d54-91e4-702a6f7d23e4/4DNFIDSOUJVJ.fastq.gz
https://data.4dnucleome.org/files-processed/4DNFI2WMNIUP/@@download/4DNFI2WMNIUP.bw	4DNESGX4FCGV	4DNEXYJ16VDS	4DNFI2WMNIUP	1.07	c0aa80c663fbbe09769538788edda159	normalized counts	bw	2	1	immortalized cell line	human	N/A	N/A	N/A	released	released	Correspondence: asbel@illinois.edu	TSA-seq	Biorep 2, Techrep 1	POLR1E protein	HCT116 (Tier 2)	TSA-seq POL1RE in HCT116 cells	condition2 - conditionC or conditionE- anti-POL1RE	processed file	4DN	Andrew Belmont, ILLINOIS	Andrew Belmont, ILLINOIS	N/A	This file contains processed results performed outside of the 4DN-DCIC standardized pipelines. The file and the information about its provenance, i.e. which files were used as input to generate this output was provided by or done in collaboration with the lab that did the experiments to generate the raw data. For more information about the specific analysis performed, please contact the submitting lab or refer to the relevant publication if available.	https://4dn-open-data-public.s3.amazonaws.com/fourfront-webprod/wfoutput/91d5ae9d-fa01-46f9-8dcd-1388e0b5b230/4DNFI2WMNIUP.bw
https://data.4dnucleome.org/files-processed/4DNFIGH46HQI/@@download/4DNFIGH46HQI.bedGraph.gz	4DNESGX4FCGV	4DNEXYJ16VDS	4DNFIGH46HQI	0.81	afa003315a1efe5a8ed7dbfb4d881513	normalized counts	bg	2	1	immortalized cell line	human	N/A	N/A	N/A	released	released	Correspondence: asbel@illinois.edu	TSA-seq	Biorep 2, Techrep 1	POLR1E protein	HCT116 (Tier 2)	TSA-seq POL1RE in HCT116 cells	condition2 - conditionC or conditionE- anti-POL1RE	Repli-Seq Pipeline - Preliminary Files	4DN	4DN DCIC, HMS	Andrew Belmont, ILLINOIS	N/A	N/A	https://4dn-open-data-public.s3.amazonaws.com/fourfront-webprod/wfoutput/68d88d4d-7680-46d0-9c04-e20284853803/4DNFIGH46HQI.bedGraph.gz
https://data.4dnucleome.org/files-processed/4DNFIIXPRE5M/@@download/4DNFIIXPRE5M.bam	4DNESGX4FCGV	4DNEXYJ16VDS	4DNFIIXPRE5M	2051.82	6acf112e4dee0cccb1ca15df60806645	alignments	bam	2	1	immortalized cell line	human	N/A	N/A	N/A	released	released	Correspondence: asbel@illinois.edu	TSA-seq	Biorep 2, Techrep 1	POLR1E protein	HCT116 (Tier 2)	TSA-seq POL1RE in HCT116 cells	condition2 - conditionC or conditionE- anti-POL1RE	Repli-Seq Pipeline - Preliminary Files	4DN	4DN DCIC, HMS	Andrew Belmont, ILLINOIS	N/A	N/A	https://4dn-open-data-public.s3.amazonaws.com/fourfront-webprod/wfoutput/4d186c5a-c2d5-4e75-9815-2ef518d4c1a4/4DNFIIXPRE5M.bam
https://data.4dnucleome.org/files-fastq/4DNFIOKHWONE/@@download/4DNFIOKHWONE.fastq.gz	4DNESGX4FCGV	4DNEX5AM58DN	4DNFIOKHWONE	2189.02	be6945aea9252fe2f70acf6b92d2f323	reads	fastq	3	1	immortalized cell line	human	N/A	N/A	N/A	released	released	Correspondence: asbel@illinois.edu	TSA-seq	Biorep 3, Techrep 1	POLR1E protein	HCT116 (Tier 2)	TSA-seq POL1RE in HCT116 cells	condition2 - conditionC or conditionE- anti-POL1RE	raw file	4DN	Andrew Belmont, ILLINOIS	Andrew Belmont, ILLINOIS	N/A	N/A	https://4dn-open-data-public.s3.amazonaws.com/fourfront-webprod/files/7e7e1bec-4f3c-46e0-a2a7-214bba41540f/4DNFIOKHWONE.fastq.gz
https://data.4dnucleome.org/files-processed/4DNFI3S2UDET/@@download/4DNFI3S2UDET.bw	4DNESGX4FCGV	4DNEX5AM58DN	4DNFI3S2UDET	1.07	9e46c06508fe9f12e9c92cb64d3c8943	normalized counts	bw	3	1	immortalized cell line	human	N/A	N/A	N/A	released	released	Correspondence: asbel@illinois.edu	TSA-seq	Biorep 3, Techrep 1	POLR1E protein	HCT116 (Tier 2)	TSA-seq POL1RE in HCT116 cells	condition2 - conditionC or conditionE- anti-POL1RE	processed file	4DN	Andrew Belmont, ILLINOIS	Andrew Belmont, ILLINOIS	N/A	This file contains processed results performed outside of the 4DN-DCIC standardized pipelines. The file and the information about its provenance, i.e. which files were used as input to generate this output was provided by or done in collaboration with the lab that did the experiments to generate the raw data. For more information about the specific analysis performed, please contact the submitting lab or refer to the relevant publication if available.	https://4dn-open-data-public.s3.amazonaws.com/fourfront-webprod/wfoutput/10032168-196f-4505-8fc4-d7d700cd7ba2/4DNFI3S2UDET.bw
https://data.4dnucleome.org/files-processed/4DNFI8IN1PQ1/@@download/4DNFI8IN1PQ1.bam	4DNESGX4FCGV	4DNEX5AM58DN	4DNFI8IN1PQ1	1931.99	d999b0bd1d9b76b98361f10a8fec6975	alignments	bam	3	1	immortalized cell line	human	N/A	N/A	N/A	released	released	Correspondence: asbel@illinois.edu	TSA-seq	Biorep 3, Techrep 1	POLR1E protein	HCT116 (Tier 2)	TSA-seq POL1RE in HCT116 cells	condition2 - conditionC or conditionE- anti-POL1RE	Repli-Seq Pipeline - Preliminary Files	4DN	4DN DCIC, HMS	Andrew Belmont, ILLINOIS	N/A	N/A	https://4dn-open-data-public.s3.amazonaws.com/fourfront-webprod/wfoutput/5fc0e8bd-4fb0-4fa4-8c0a-8f2bd4071d06/4DNFI8IN1PQ1.bam
https://data.4dnucleome.org/files-processed/4DNFI8SSZUPZ/@@download/4DNFI8SSZUPZ.bedGraph.gz	4DNESGX4FCGV	4DNEX5AM58DN	4DNFI8SSZUPZ	0.80	30db3dc77d3feabcec5cf71663d1b7e1	normalized counts	bg	3	1	immortalized cell line	human	N/A	N/A	N/A	released	released	Correspondence: asbel@illinois.edu	TSA-seq	Biorep 3, Techrep 1	POLR1E protein	HCT116 (Tier 2)	TSA-seq POL1RE in HCT116 cells	condition2 - conditionC or conditionE- anti-POL1RE	Repli-Seq Pipeline - Preliminary Files	4DN	4DN DCIC, HMS	Andrew Belmont, ILLINOIS	N/A	N/A	https://4dn-open-data-public.s3.amazonaws.com/fourfront-webprod/wfoutput/0452782a-2497-40fc-a511-daca4425e853/4DNFI8SSZUPZ.bedGraph.gz
https://data.4dnucleome.org/files-fastq/4DNFIIVPWCQH/@@download/4DNFIIVPWCQH.fastq.gz	4DNESHDUKYLM	4DNEXGTQR52I	4DNFIIVPWCQH	1668.36	09ebcfe5b87a33dcec631d7e6545e054	reads	fastq	1	1	immortalized cell line	human	N/A	N/A	N/A	released	released	Kumar P et al. (2023)	TSA-seq	Biorep 1, Techrep 1	POLR1E protein	HFFc6 (Tier 1)	TSA-seq POL1RE in HFFc6 cells	condition2 - conditionE - anti-POL1RE	raw file	4DN	Andrew Belmont, ILLINOIS	Andrew Belmont, ILLINOIS	N/A	N/A	https://4dn-open-data-public.s3.amazonaws.com/fourfront-webprod/files/1041add7-4384-4b73-a928-0e5d307edd8b/4DNFIIVPWCQH.fastq.gz
https://data.4dnucleome.org/files-processed/4DNFISPANGH3/@@download/4DNFISPANGH3.bw	4DNESHDUKYLM	4DNEXGTQR52I	4DNFISPANGH3	1.07	3d78f655e1ba94af9bb3342ab37d0fab	normalized counts	bw	1	1	immortalized cell line	human	N/A	N/A	N/A	released	released	Kumar P et al. (2023)	TSA-seq	Biorep 1, Techrep 1	POLR1E protein	HFFc6 (Tier 1)	TSA-seq POL1RE in HFFc6 cells	condition2 - conditionE - anti-POL1RE	processed file	4DN	Andrew Belmont, ILLINOIS	Andrew Belmont, ILLINOIS	N/A	This file contains processed results performed outside of the 4DN-DCIC standardized pipelines. The file and the information about its provenance, i.e. which files were used as input to generate this output was provided by or done in collaboration with the lab that did the experiments to generate the raw data. For more information about the specific analysis performed, please contact the submitting lab or refer to the relevant publication if available.	https://4dn-open-data-public.s3.amazonaws.com/fourfront-webprod/wfoutput/743a726d-2006-4ea0-93e7-0bf30717505c/4DNFISPANGH3.bw
https://data.4dnucleome.org/files-processed/4DNFIXDLTO69/@@download/4DNFIXDLTO69.bam	4DNESHDUKYLM	4DNEXGTQR52I	4DNFIXDLTO69	1402.94	6e6af08afabb8b79cc0f1ed74a21d706	alignments	bam	1	1	immortalized cell line	human	N/A	N/A	N/A	released	released	Kumar P et al. (2023)	TSA-seq	Biorep 1, Techrep 1	POLR1E protein	HFFc6 (Tier 1)	TSA-seq POL1RE in HFFc6 cells	condition2 - conditionE - anti-POL1RE	Repli-Seq Pipeline - Preliminary Files	4DN	4DN DCIC, HMS	Andrew Belmont, ILLINOIS	N/A	N/A	https://4dn-open-data-public.s3.amazonaws.com/fourfront-webprod/wfoutput/6f71c1bd-3a40-40a9-9e91-58cce86979a6/4DNFIXDLTO69.bam
https://data.4dnucleome.org/files-processed/4DNFIXWF44Y1/@@download/4DNFIXWF44Y1.bedGraph.gz	4DNESHDUKYLM	4DNEXGTQR52I	4DNFIXWF44Y1	0.83	91af465e5b46f9cfeb96fcdcf7c5eb64	normalized counts	bg	1	1	immortalized cell line	human	N/A	N/A	N/A	released	released	Kumar P et al. (2023)	TSA-seq	Biorep 1, Techrep 1	POLR1E protein	HFFc6 (Tier 1)	TSA-seq POL1RE in HFFc6 cells	condition2 - conditionE - anti-POL1RE	Repli-Seq Pipeline - Preliminary Files	4DN	4DN DCIC, HMS	Andrew Belmont, ILLINOIS	N/A	N/A	https://4dn-open-data-public.s3.amazonaws.com/fourfront-webprod/wfoutput/b4fa4810-4d3a-40bf-90e1-173fe6314800/4DNFIXWF44Y1.bedGraph.gz
https://data.4dnucleome.org/files-fastq/4DNFI85N99G2/@@download/4DNFI85N99G2.fastq.gz	4DNESHDUKYLM	4DNEXXJ4BGT3	4DNFI85N99G2	2013.92	a26db3e90c98fa1337853360f71eafff	reads	fastq	2	1	immortalized cell line	human	N/A	N/A	N/A	released	released	Kumar P et al. (2023)	TSA-seq	Biorep 2, Techrep 1	POLR1E protein	HFFc6 (Tier 1)	TSA-seq POL1RE in HFFc6 cells	condition2 - conditionE - anti-POL1RE	raw file	4DN	Andrew Belmont, ILLINOIS	Andrew Belmont, ILLINOIS	N/A	N/A	https://4dn-open-data-public.s3.amazonaws.com/fourfront-webprod/files/84136cfe-0085-4e49-b6b2-7c07295ce45c/4DNFI85N99G2.fastq.gz
https://data.4dnucleome.org/files-processed/4DNFIHYF6H13/@@download/4DNFIHYF6H13.bw	4DNESHDUKYLM	4DNEXXJ4BGT3	4DNFIHYF6H13	1.08	d03a5ec7b9ec473eca1f4fc21b50f5d4	normalized counts	bw	2	1	immortalized cell line	human	N/A	N/A	N/A	released	released	Kumar P et al. (2023)	TSA-seq	Biorep 2, Techrep 1	POLR1E protein	HFFc6 (Tier 1)	TSA-seq POL1RE in HFFc6 cells	condition2 - conditionE - anti-POL1RE	processed file	4DN	Andrew Belmont, ILLINOIS	Andrew Belmont, ILLINOIS	N/A	This file contains processed results performed outside of the 4DN-DCIC standardized pipelines. The file and the information about its provenance, i.e. which files were used as input to generate this output was provided by or done in collaboration with the lab that did the experiments to generate the raw data. For more information about the specific analysis performed, please contact the submitting lab or refer to the relevant publication if available.	https://4dn-open-data-public.s3.amazonaws.com/fourfront-webprod/wfoutput/f0d4c899-f901-4d79-9856-b8143bec2b0b/4DNFIHYF6H13.bw
https://data.4dnucleome.org/files-processed/4DNFIM4ZRK57/@@download/4DNFIM4ZRK57.bam	4DNESHDUKYLM	4DNEXXJ4BGT3	4DNFIM4ZRK57	1732.00	8e401032409afe46e1efe8acf74521e6	alignments	bam	2	1	immortalized cell line	human	N/A	N/A	N/A	released	released	Kumar P et al. (2023)	TSA-seq	Biorep 2, Techrep 1	POLR1E protein	HFFc6 (Tier 1)	TSA-seq POL1RE in HFFc6 cells	condition2 - conditionE - anti-POL1RE	Repli-Seq Pipeline - Preliminary Files	4DN	4DN DCIC, HMS	Andrew Belmont, ILLINOIS	N/A	N/A	https://4dn-open-data-public.s3.amazonaws.com/fourfront-webprod/wfoutput/f478d2d7-4777-4e5d-979e-68cda37584d9/4DNFIM4ZRK57.bam
https://data.4dnucleome.org/files-processed/4DNFIYJ96M8A/@@download/4DNFIYJ96M8A.bedGraph.gz	4DNESHDUKYLM	4DNEXXJ4BGT3	4DNFIYJ96M8A	0.80	5518395bd439ee9d60cec7fb9b6e8382	normalized counts	bg	2	1	immortalized cell line	human	N/A	N/A	N/A	released	released	Kumar P et al. (2023)	TSA-seq	Biorep 2, Techrep 1	POLR1E protein	HFFc6 (Tier 1)	TSA-seq POL1RE in HFFc6 cells	condition2 - conditionE - anti-POL1RE	Repli-Seq Pipeline - Preliminary Files	4DN	4DN DCIC, HMS	Andrew Belmont, ILLINOIS	N/A	N/A	https://4dn-open-data-public.s3.amazonaws.com/fourfront-webprod/wfoutput/a75961a2-c5d3-48a7-bb96-48007dd69863/4DNFIYJ96M8A.bedGraph.gz
https://data.4dnucleome.org/files-fastq/4DNFIGBD5NG8/@@download/4DNFIGBD5NG8.fastq.gz	4DNESIH5OOWT	4DNEX44LMDPP	4DNFIGBD5NG8	1908.65	f325ea8abcb599c210b525c3b610f4b2	reads	fastq	1	1	stem cell derived cell line	human	N/A	N/A	N/A	released	released	Kumar P et al. (2023)	TSA-seq	Biorep 1, Techrep 1	POLR1E protein	H1-hESC (Tier 1)	TSA-seq POL1RE in H1 cells	condition2 - conditionE - anti-POL1RE	raw file	4DN	Andrew Belmont, ILLINOIS	Andrew Belmont, ILLINOIS	N/A	N/A	https://4dn-open-data-public.s3.amazonaws.com/fourfront-webprod/files/23e31b07-2313-452b-96e5-78ccb4a7c70d/4DNFIGBD5NG8.fastq.gz
https://data.4dnucleome.org/files-processed/4DNFICLC27JC/@@download/4DNFICLC27JC.bw	4DNESIH5OOWT	4DNEX44LMDPP	4DNFICLC27JC	1.07	b51798bdb55652da9314c3744bfa1407	normalized counts	bw	1	1	stem cell derived cell line	human	N/A	N/A	N/A	released	released	Kumar P et al. (2023)	TSA-seq	Biorep 1, Techrep 1	POLR1E protein	H1-hESC (Tier 1)	TSA-seq POL1RE in H1 cells	condition2 - conditionE - anti-POL1RE	processed file	4DN	Andrew Belmont, ILLINOIS	Andrew Belmont, ILLINOIS	N/A	This file contains processed results performed outside of the 4DN-DCIC standardized pipelines. The file and the information about its provenance, i.e. which files were used as input to generate this output was provided by or done in collaboration with the lab that did the experiments to generate the raw data. For more information about the specific analysis performed, please contact the submitting lab or refer to the relevant publication if available.	https://4dn-open-data-public.s3.amazonaws.com/fourfront-webprod/wfoutput/fc584e6b-a93e-4833-8941-c6620b365f9b/4DNFICLC27JC.bw
https://data.4dnucleome.org/files-processed/4DNFICHZAIU7/@@download/4DNFICHZAIU7.bam	4DNESIH5OOWT	4DNEX44LMDPP	4DNFICHZAIU7	1596.76	2886710950ea16cb214ba1083418e04b	alignments	bam	1	1	stem cell derived cell line	human	N/A	N/A	N/A	released	released	Kumar P et al. (2023)	TSA-seq	Biorep 1, Techrep 1	POLR1E protein	H1-hESC (Tier 1)	TSA-seq POL1RE in H1 cells	condition2 - conditionE - anti-POL1RE	Repli-Seq Pipeline - Preliminary Files	4DN	4DN DCIC, HMS	Andrew Belmont, ILLINOIS	N/A	N/A	https://4dn-open-data-public.s3.amazonaws.com/fourfront-webprod/wfoutput/88fae451-03ba-4090-9e4d-9366ac5c9e1b/4DNFICHZAIU7.bam
https://data.4dnucleome.org/files-processed/4DNFIXPKOQZX/@@download/4DNFIXPKOQZX.bedGraph.gz	4DNESIH5OOWT	4DNEX44LMDPP	4DNFIXPKOQZX	0.80	7b35450a53a40c248c59fe1c350bffac	normalized counts	bg	1	1	stem cell derived cell line	human	N/A	N/A	N/A	released	released	Kumar P et al. (2023)	TSA-seq	Biorep 1, Techrep 1	POLR1E protein	H1-hESC (Tier 1)	TSA-seq POL1RE in H1 cells	condition2 - conditionE - anti-POL1RE	Repli-Seq Pipeline - Preliminary Files	4DN	4DN DCIC, HMS	Andrew Belmont, ILLINOIS	N/A	N/A	https://4dn-open-data-public.s3.amazonaws.com/fourfront-webprod/wfoutput/3e1140b4-5b66-4093-948f-939a219a6971/4DNFIXPKOQZX.bedGraph.gz
https://data.4dnucleome.org/files-fastq/4DNFILHKJ6BT/@@download/4DNFILHKJ6BT.fastq.gz	4DNESIH5OOWT	4DNEXOSOQHUI	4DNFILHKJ6BT	2117.24	6cc65e33a76d837338579166cf9b07c6	reads	fastq	2	1	stem cell derived cell line	human	N/A	N/A	N/A	released	released	Kumar P et al. (2023)	TSA-seq	Biorep 2, Techrep 1	POLR1E protein	H1-hESC (Tier 1)	TSA-seq POL1RE in H1 cells	condition2 - conditionE - anti-POL1RE	raw file	4DN	Andrew Belmont, ILLINOIS	Andrew Belmont, ILLINOIS	N/A	N/A	https://4dn-open-data-public.s3.amazonaws.com/fourfront-webprod/files/62104f91-ccec-4cb3-87e9-218a955df6ee/4DNFILHKJ6BT.fastq.gz
https://data.4dnucleome.org/files-processed/4DNFICYLNXF2/@@download/4DNFICYLNXF2.bw	4DNESIH5OOWT	4DNEXOSOQHUI	4DNFICYLNXF2	1.07	fd18df3a01060fe07a0e76b432b2754d	normalized counts	bw	2	1	stem cell derived cell line	human	N/A	N/A	N/A	released	released	Kumar P et al. (2023)	TSA-seq	Biorep 2, Techrep 1	POLR1E protein	H1-hESC (Tier 1)	TSA-seq POL1RE in H1 cells	condition2 - conditionE - anti-POL1RE	processed file	4DN	Andrew Belmont, ILLINOIS	Andrew Belmont, ILLINOIS	N/A	This file contains processed results performed outside of the 4DN-DCIC standardized pipelines. The file and the information about its provenance, i.e. which files were used as input to generate this output was provided by or done in collaboration with the lab that did the experiments to generate the raw data. For more information about the specific analysis performed, please contact the submitting lab or refer to the relevant publication if available.	https://4dn-open-data-public.s3.amazonaws.com/fourfront-webprod/wfoutput/a6d8d28d-d9b7-4fe1-bfd9-ce3b5dcaa6e6/4DNFICYLNXF2.bw
https://data.4dnucleome.org/files-processed/4DNFIIF46SVX/@@download/4DNFIIF46SVX.bam	4DNESIH5OOWT	4DNEXOSOQHUI	4DNFIIF46SVX	1694.71	6750dadb458e2cb5b9504c3bbdc3eff4	alignments	bam	2	1	stem cell derived cell line	human	N/A	N/A	N/A	released	released	Kumar P et al. (2023)	TSA-seq	Biorep 2, Techrep 1	POLR1E protein	H1-hESC (Tier 1)	TSA-seq POL1RE in H1 cells	condition2 - conditionE - anti-POL1RE	Repli-Seq Pipeline - Preliminary Files	4DN	4DN DCIC, HMS	Andrew Belmont, ILLINOIS	N/A	N/A	https://4dn-open-data-public.s3.amazonaws.com/fourfront-webprod/wfoutput/dc31776e-1684-4ef5-9647-acbf520e4171/4DNFIIF46SVX.bam
https://data.4dnucleome.org/files-processed/4DNFILNJI44G/@@download/4DNFILNJI44G.bedGraph.gz	4DNESIH5OOWT	4DNEXOSOQHUI	4DNFILNJI44G	0.80	4f7db83fc1da0f8b42fd5a175009e2cf	normalized counts	bg	2	1	stem cell derived cell line	human	N/A	N/A	N/A	released	released	Kumar P et al. (2023)	TSA-seq	Biorep 2, Techrep 1	POLR1E protein	H1-hESC (Tier 1)	TSA-seq POL1RE in H1 cells	condition2 - conditionE - anti-POL1RE	Repli-Seq Pipeline - Preliminary Files	4DN	4DN DCIC, HMS	Andrew Belmont, ILLINOIS	N/A	N/A	https://4dn-open-data-public.s3.amazonaws.com/fourfront-webprod/wfoutput/6f60c9ee-02c6-416f-87ac-e850534ca53a/4DNFILNJI44G.bedGraph.gz
###		
###	Summary	
###		
###	Files Selected for Download:			63	
###	Total File Rows:			63	
###	Unique Downloadable Files:			63	
###						
###	IMPORTANT: As of October 15, 2020, you must include an access key in your cURL command for bulk downloads. You can configure the access key in your profile. If you do not already have an account, you can log in with your Google or GitHub credentials.				
